ID,Data do Acidente,Dia do Acidente,Mês do Acidente,Ano do Acidente,Ano/Mês do Acidente,Dia da Semana,Hora do Acidente,Turno,Município,Região Administrativa,Logradouro,Numero/KM,Jurisdição,Administração,Conservação,LAT_(GEO),LONG_(GEO),Condições da pista,Condições Climáticas,Iluminação,Mão de direção,Obras na pista,Relevo,Superfície da via,Tipo de pavimento,Tipo de pista,Traçado,Veículos Envolvidos - Bicicleta,Veículos Envolvidos - Caminhão,Veículos Envolvidos - Automóvel,Veículos Envolvidos - Outros,Veículos Envolvidos - Motocicleta,Veículos Envolvidos - Ônibus,Veículos Envolvidos - ND,Veículos Envolvidos - Pedestre,Pessoas Envolvidas - Grave,Pessoas Envolvidas - Ileso,Pessoas Envolvidas - Leve,Pessoas Envolvidas - Fatal,Pessoas Envolvidas - Feridos,Pessoas Envolvidas - ND,Serviço de Atendimento - Bombeiro,Serviço de Atendimento - PMRV,Serviço de Atendimento - PRF,Serviço de Atendimento - Radio Patrulha,Servciço de Atendimento - CPTRAN,Tipo de Via,Tipo de Acidente - Atropelamento,Tipo de Acidente - Choque,Tipo de Acidente - Colisão,Tipo de Acidente - Outros tipos de Acidente,Tipo de Acidente - ND,Turno + Dia de Semana,latitude,longitude
1268713,2020-10-14,14,OUTUBRO,2020,2020.1,QUARTA,20:13,NOITE,SAO CAETANO DO SUL,Metropolitana de São Paulo,RUA BOA VISTA,100,MUNICIPAL,PREFEITURA,PREFEITURA,"-23,640334225","-46,5633000042",DUPLA,BOM,NOITE (VIA ILUMINADA),DUPLA,NAO DISPONIVEL,PLANO,SECA,ASFALTO,DUPLA,CRUZAMENTO,0,0,1,0,0,0,0,1,0,1,0,0,0,0,NÃO,NÃO,NÃO,SIM,NÃO,Vias Municipais,1,0,0,0,0,NOITE DE QUARTA,-23.640334225,-46.5633000042
1267405,2020-10-13,13,OUTUBRO,2020,2020.1,TERÇA,22:29,NOITE,SAO CAETANO DO SUL,Metropolitana de São Paulo,RUA OSVALDO CRUZ,NAO DISPONIVEL,MUNICIPAL,PREFEITURA,PREFEITURA,"-23,6281127086062","-46,5678520740092",NAO DISPONIVEL,NAO DISPONIVEL,NAO DISPONIVEL,NAO DISPONIVEL,NAO DISPONIVEL,NAO DISPONIVEL,NAO DISPONIVEL,NAO DISPONIVEL,NAO DISPONIVEL,NAO DISPONIVEL,0,0,0,0,0,0,1,0,0,0,0,0,0,1,SIM,NÃO,NÃO,NÃO,NÃO,Vias Municipais,0,0,0,0,0,NOITE DE TERÇA,-23.6281127086062,-46.5678520740092
1262475,2020-10-10,10,OUTUBRO,2020,2020.1,SÁBADO,20:31,NOITE,SAO CAETANO DO SUL,Metropolitana de São Paulo,RUA COELHO NETO,112,MUNICIPAL,PREFEITURA,PREFEITURA,"-23,6318778358461","-46,5671381516153",SIMPLES,BOM,NOITE (VIA ILUMINADA),DUPLA,NAO DISPONIVEL,PLANO,SECA,ASFALTO,SIMPLES,CRUZAMENTO,0,0,1,0,1,0,0,0,0,1,1,0,0,0,NÃO,NÃO,NÃO,SIM,NÃO,Vias Municipais,0,0,1,0,0,NOITE DE SÁBADO,-23.6318778358461,-46.5671381516153
1262779,2020-10-10,10,OUTUBRO,2020,2020.1,SÁBADO,23:59,NOITE,SAO CAETANO DO SUL,Metropolitana de São Paulo,ALAMEDA CASSAQUERA,590,MUNICIPAL,PREFEITURA,PREFEITURA,"-23,6272720234471","-46,5541883906214",SIMPLES,BOM,NOITE (VIA ILUMINADA),ÚNICA,NAO DISPONIVEL,PLANO,SECA,ASFALTO,SIMPLES,CRUZAMENTO,0,0,1,0,1,0,0,0,0,1,1,0,0,0,NÃO,NÃO,NÃO,SIM,NÃO,Vias Municipais,0,0,1,0,0,NOITE DE SÁBADO,-23.6272720234471,-46.5541883906214
1259336,2020-10-09,9,OUTUBRO,2020,2020.1,SEXTA,11:54,MANHA,SAO CAETANO DO SUL,Metropolitana de São Paulo,RUA JOSE BENEDETE,110,MUNICIPAL,PREFEITURA,PREFEITURA,"-23,6260283475319","-46,5704116947213",SIMPLES,BOM,LUZ SOLAR,ÚNICA,NAO DISPONIVEL,INCLINADO,MOLHADA,ASFALTO,SIMPLES,RETA,0,0,1,0,0,0,0,0,0,1,1,0,0,0,NÃO,NÃO,NÃO,SIM,NÃO,Vias Municipais,0,0,1,0,0,MANHA DE SEXTA,-23.6260283475319,-46.5704116947213
1260525,2020-10-09,9,OUTUBRO,2020,2020.1,SEXTA,22:30,NOITE,SAO CAETANO DO SUL,Metropolitana de São Paulo,AVENIDA GUIDO ALIBERTI,100,MUNICIPAL,PREFEITURA,PREFEITURA,"-23,6304491967873","-46,5815217051096",NAO DISPONIVEL,NAO DISPONIVEL,NAO DISPONIVEL,NAO DISPONIVEL,NAO DISPONIVEL,NAO DISPONIVEL,NAO DISPONIVEL,NAO DISPONIVEL,NAO DISPONIVEL,NAO DISPONIVEL,0,0,1,0,0,0,0,0,0,0,0,0,0,0,NÃO,NÃO,NÃO,SIM,NÃO,Vias Municipais,0,0,0,0,0,NOITE DE SEXTA,-23.6304491967873,-46.5815217051096
1324739,2020-10-08,8,OUTUBRO,2020,2020.1,QUINTA,11:36,MANHA,SAO CAETANO DO SUL,Metropolitana de São Paulo,ACESSO AVENIDA DO ESTADO,1255,MUNICIPAL,PREFEITURA,PREFEITURA,NAO DISPONIVEL,NAO DISPONIVEL,NAO DISPONIVEL,NAO DISPONIVEL,NAO DISPONIVEL,NAO DISPONIVEL,NAO DISPONIVEL,NAO DISPONIVEL,NAO DISPONIVEL,NAO DISPONIVEL,NAO DISPONIVEL,NAO DISPONIVEL,0,0,0,0,1,0,0,0,0,0,0,0,0,0,SIM,NÃO,NÃO,NÃO,NÃO,Vias Municipais,0,0,0,0,0,MANHA DE QUINTA,-23.62306,-46.55111
1256002,2020-10-07,7,OUTUBRO,2020,2020.1,QUARTA,13:22,TARDE,SAO CAETANO DO SUL,Metropolitana de São Paulo,AVENIDA PRESIDENTE KENEDY,2300,MUNICIPAL,PREFEITURA,PREFEITURA,"-23,6399381627056","-46,5588674975577",NAO DISPONIVEL,NAO DISPONIVEL,NAO DISPONIVEL,NAO DISPONIVEL,NAO DISPONIVEL,NAO DISPONIVEL,NAO DISPONIVEL,NAO DISPONIVEL,NAO DISPONIVEL,NAO DISPONIVEL,0,0,0,0,0,0,1,0,0,0,0,0,0,1,NÃO,NÃO,NÃO,SIM,NÃO,Vias Municipais,0,0,0,0,0,TARDE DE QUARTA,-23.6399381627056,-46.5588674975577
1256636,2020-10-07,7,OUTUBRO,2020,2020.1,QUARTA,19:14,NOITE,SAO CAETANO DO SUL,Metropolitana de São Paulo,AVENIDA GOIAS,1300,MUNICIPAL,PREFEITURA,PREFEITURA,"-23,6164949377777","-46,5545100749999",NAO DISPONIVEL,NAO DISPONIVEL,NAO DISPONIVEL,NAO DISPONIVEL,NAO DISPONIVEL,NAO DISPONIVEL,NAO DISPONIVEL,NAO DISPONIVEL,NAO DISPONIVEL,NAO DISPONIVEL,0,0,0,0,0,0,1,0,0,0,0,0,0,1,NÃO,NÃO,NÃO,SIM,NÃO,Vias Municipais,0,0,0,0,0,NOITE DE QUARTA,-23.6164949377777,-46.5545100749999
1251115,2020-10-04,4,OUTUBRO,2020,2020.1,DOMINGO,04:14,MADRUGADA,SAO CAETANO DO SUL,Metropolitana de São Paulo,AVENIDA GOIAS,NAO DISPONIVEL,MUNICIPAL,PREFEITURA,PREFEITURA,"-23,6151750480071","-46,5765592235851",NAO DISPONIVEL,NAO DISPONIVEL,NAO DISPONIVEL,NAO DISPONIVEL,NAO DISPONIVEL,NAO DISPONIVEL,NAO DISPONIVEL,NAO DISPONIVEL,NAO DISPONIVEL,NAO DISPONIVEL,0,0,0,0,0,0,1,0,0,0,0,0,0,1,NÃO,NÃO,NÃO,SIM,NÃO,Vias Municipais,0,0,0,0,0,MADRUGADA DE DOMINGO,-23.6151750480071,-46.5765592235851
1248970,2020-10-03,3,OUTUBRO,2020,2020.1,SÁBADO,01:02,MADRUGADA,SAO CAETANO DO SUL,Metropolitana de São Paulo,ACESSO AVENIDA DO ESTADO,100,MUNICIPAL,PREFEITURA,PREFEITURA,NAO DISPONIVEL,NAO DISPONIVEL,DUPLA,BOM,LUZ SOLAR,ÚNICA,NAO DISPONIVEL,PLANO,SECA,ASFALTO,DUPLA,RETA,0,0,0,0,1,0,0,0,0,1,1,0,0,0,NÃO,NÃO,NÃO,SIM,NÃO,Vias Municipais,0,0,1,0,0,MADRUGADA DE SÁBADO,-23.62306,-46.55111
1247675,2020-10-02,2,OUTUBRO,2020,2020.1,SEXTA,12:56,TARDE,SAO CAETANO DO SUL,Metropolitana de São Paulo,RUA ANTONIETA,1053,MUNICIPAL,PREFEITURA,PREFEITURA,"-23,637716823554","-46,564823129534",DUPLA,BOM,LUZ SOLAR,DUPLA,NAO DISPONIVEL,PLANO,SECA,ASFALTO,DUPLA,CRUZAMENTO,0,0,0,0,0,0,1,0,0,0,0,0,0,1,NÃO,NÃO,NÃO,SIM,NÃO,Vias Municipais,0,0,1,0,0,TARDE DE SEXTA,-23.637716823554,-46.564823129534
1246943,2020-09-30,30,SETEMBRO,2020,2020.09,QUARTA,23:02,NOITE,SAO CAETANO DO SUL,Metropolitana de São Paulo,RUA CONSELHEIRO LAFAIETE,949,MUNICIPAL,PREFEITURA,PREFEITURA,"-23,6237786389062","-46,5493721330312",DUPLA,BOM,NOITE (VIA ILUMINADA),DUPLA,NAO DISPONIVEL,PLANO,SECA,ASFALTO,DUPLA,RETA,0,0,1,0,1,0,0,0,0,1,1,0,0,0,NÃO,NÃO,NÃO,SIM,NÃO,Vias Municipais,0,0,1,0,0,NOITE DE QUARTA,-23.6237786389062,-46.5493721330312
1222821,2020-09-29,29,SETEMBRO,2020,2020.09,TERÇA,22:25,NOITE,SAO CAETANO DO SUL,Metropolitana de São Paulo,AVENIDA CONDE FRANCISCO MATARAZZO,NAO DISPONIVEL,MUNICIPAL,PREFEITURA,PREFEITURA,"-23,60426396786","-46,5703490701313",NAO DISPONIVEL,NAO DISPONIVEL,NAO DISPONIVEL,NAO DISPONIVEL,NAO DISPONIVEL,NAO DISPONIVEL,NAO DISPONIVEL,NAO DISPONIVEL,NAO DISPONIVEL,NAO DISPONIVEL,0,0,0,0,0,0,1,0,0,0,0,0,0,1,NÃO,NÃO,NÃO,SIM,NÃO,Vias Municipais,0,0,0,0,0,NOITE DE TERÇA,-23.60426396786,-46.5703490701313
1205255,2020-09-25,25,SETEMBRO,2020,2020.09,SEXTA,14:08,TARDE,SAO CAETANO DO SUL,Metropolitana de São Paulo,RUA PELEGRINO BERNARDO,10,MUNICIPAL,PREFEITURA,PREFEITURA,"-23,6263586482351","-46,5590015915879",DUPLA,BOM,LUZ SOLAR,DUPLA,NAO DISPONIVEL,PLANO,SECA,ASFALTO,DUPLA,RETA,0,0,1,0,1,0,0,0,0,3,0,0,0,0,NÃO,NÃO,NÃO,SIM,NÃO,Vias Municipais,0,0,1,0,0,TARDE DE SEXTA,-23.6263586482351,-46.5590015915879
1200383,2020-09-25,25,SETEMBRO,2020,2020.09,SEXTA,11:48,MANHA,SAO CAETANO DO SUL,Metropolitana de São Paulo,RUA OSVALDO CRUZ,591,MUNICIPAL,PREFEITURA,PREFEITURA,"-23,6218088918298","-46,5679052653621",NAO DISPONIVEL,NAO DISPONIVEL,NAO DISPONIVEL,NAO DISPONIVEL,NAO DISPONIVEL,NAO DISPONIVEL,NAO DISPONIVEL,NAO DISPONIVEL,NAO DISPONIVEL,NAO DISPONIVEL,0,0,0,0,0,0,1,0,0,0,0,0,0,1,NÃO,NÃO,NÃO,SIM,NÃO,Vias Municipais,0,0,0,0,0,MANHA DE SEXTA,-23.6218088918298,-46.5679052653621
1206481,2020-09-24,24,SETEMBRO,2020,2020.09,QUINTA,15:17,TARDE,SAO CAETANO DO SUL,Metropolitana de São Paulo,AVENIDA GOIAS,1320,MUNICIPAL,PREFEITURA,PREFEITURA,"-23,616493642875","-46,5546830378749",MÚLTIPLA,BOM,LUZ SOLAR,ÚNICA,NAO DISPONIVEL,PLANO,SECA,ASFALTO,MULTIPLA,RETA,0,0,1,0,1,0,0,0,0,2,1,0,0,0,NÃO,NÃO,NÃO,SIM,NÃO,Vias Municipais,0,0,1,0,0,TARDE DE QUINTA,-23.616493642875,-46.5546830378749
1190584,2020-09-23,23,SETEMBRO,2020,2020.09,QUARTA,06:20,MANHA,SAO CAETANO DO SUL,Metropolitana de São Paulo,AVENIDA ROBERT KENNEDY,851,MUNICIPAL,PREFEITURA,PREFEITURA,"-23,6208307641782","-46,5559472185602",SIMPLES,CHUVA,LUZ SOLAR,ÚNICA,NAO DISPONIVEL,PLANO,MOLHADA,ASFALTO,SIMPLES,RETA,0,0,1,0,1,0,0,0,0,1,2,0,0,0,NÃO,NÃO,NÃO,SIM,NÃO,Vias Municipais,0,0,1,0,0,MANHA DE QUARTA,-23.6208307641782,-46.5559472185602
1196283,2020-09-23,23,SETEMBRO,2020,2020.09,QUARTA,11:18,MANHA,SAO CAETANO DO SUL,Metropolitana de São Paulo,RUA BARALDI,503,MUNICIPAL,PREFEITURA,PREFEITURA,"-23,6132028135","-46,5742501765",NAO DISPONIVEL,NAO DISPONIVEL,NAO DISPONIVEL,NAO DISPONIVEL,NAO DISPONIVEL,NAO DISPONIVEL,NAO DISPONIVEL,NAO DISPONIVEL,NAO DISPONIVEL,NAO DISPONIVEL,0,0,1,0,1,0,0,0,0,0,0,0,0,0,NÃO,NÃO,NÃO,SIM,NÃO,Vias Municipais,0,0,0,0,0,MANHA DE QUARTA,-23.6132028135,-46.5742501765
1203369,2020-09-22,22,SETEMBRO,2020,2020.09,TERÇA,15:56,TARDE,SAO CAETANO DO SUL,Metropolitana de São Paulo,AVENIDA GOIAS,10,MUNICIPAL,PREFEITURA,PREFEITURA,"-23,6154799","-46,574773",SIMPLES,BOM,LUZ SOLAR,DUPLA,NAO DISPONIVEL,PLANO,SECA,ASFALTO,SIMPLES,RETA,0,0,1,0,0,0,0,1,0,2,0,0,0,0,NÃO,NÃO,NÃO,SIM,NÃO,Vias Municipais,1,0,0,0,0,TARDE DE TERÇA,-23.6154799,-46.574773
1238806,2020-09-21,21,SETEMBRO,2020,2020.09,SEGUNDA,12:15,TARDE,SAO CAETANO DO SUL,Metropolitana de São Paulo,RUA VISCONDE DE INHAUMA,611,MUNICIPAL,PREFEITURA,PREFEITURA,"-23,6339","-46,5645",NAO DISPONIVEL,NAO DISPONIVEL,NAO DISPONIVEL,NAO DISPONIVEL,NAO DISPONIVEL,NAO DISPONIVEL,NAO DISPONIVEL,NAO DISPONIVEL,NAO DISPONIVEL,NAO DISPONIVEL,0,0,1,0,1,0,0,0,0,0,0,0,0,0,SIM,NÃO,NÃO,NÃO,NÃO,Vias Municipais,0,0,0,0,0,TARDE DE SEGUNDA,-23.6339,-46.5645
1206220,2020-09-21,21,SETEMBRO,2020,2020.09,SEGUNDA,15:35,TARDE,SAO CAETANO DO SUL,Metropolitana de São Paulo,AVENIDA GOIAS,10,MUNICIPAL,PREFEITURA,PREFEITURA,"-23,6225752122975","-46,5488955799285",MÚLTIPLA,CHUVA,LUZ SOLAR,ÚNICA,NAO DISPONIVEL,PLANO,MOLHADA,ASFALTO,MULTIPLA,CRUZAMENTO,0,0,1,0,1,0,0,0,0,1,0,0,0,0,NÃO,NÃO,NÃO,SIM,NÃO,Vias Municipais,0,1,0,0,0,TARDE DE SEGUNDA,-23.6225752122975,-46.5488955799285
1191509,2020-09-17,17,SETEMBRO,2020,2020.09,QUINTA,05:32,MADRUGADA,SAO CAETANO DO SUL,Metropolitana de São Paulo,AVENIDA GUIDO ALIBERTI,1,MUNICIPAL,PREFEITURA,PREFEITURA,"-23,6313207549999","-46,5817680289999",NAO DISPONIVEL,NAO DISPONIVEL,NAO DISPONIVEL,NAO DISPONIVEL,NAO DISPONIVEL,NAO DISPONIVEL,NAO DISPONIVEL,NAO DISPONIVEL,NAO DISPONIVEL,NAO DISPONIVEL,0,0,0,0,0,0,1,0,0,0,0,0,0,1,NÃO,SIM,NÃO,NÃO,NÃO,Vias Municipais,0,0,0,0,0,MADRUGADA DE QUINTA,-23.6313207549999,-46.5817680289999
1191485,2020-09-17,17,SETEMBRO,2020,2020.09,QUINTA,05:35,MADRUGADA,SAO CAETANO DO SUL,Metropolitana de São Paulo,ESTRADA DAS LAGRIMAS,100,MUNICIPAL,PREFEITURA,PREFEITURA,"-23,638586896473","-46,5749275427549",DUPLA,BOM,LUZ SOLAR,DUPLA,NAO DISPONIVEL,PLANO,SECA,ASFALTO,DUPLA,CURVA,0,0,0,0,1,0,0,0,0,0,0,0,0,0,NÃO,NÃO,NÃO,SIM,NÃO,Vias Municipais,0,0,0,1,0,MADRUGADA DE QUINTA,-23.638586896473,-46.5749275427549
1196120,2020-09-17,17,SETEMBRO,2020,2020.09,QUINTA,09:15,MANHA,SAO CAETANO DO SUL,Metropolitana de São Paulo,RUA MANOEL AUGUSTO FERREIRINHA,819,MUNICIPAL,PREFEITURA,PREFEITURA,"-23,6387037419873","-46,5672325205696",SIMPLES,BOM,LUZ SOLAR,ÚNICA,NAO DISPONIVEL,INCLINADO,SECA,ASFALTO,SIMPLES,RETA,0,0,1,0,0,0,0,0,0,1,1,0,0,0,NÃO,NÃO,NÃO,SIM,NÃO,Vias Municipais,0,1,0,0,0,MANHA DE QUINTA,-23.6387037419873,-46.5672325205696
1210388,2020-09-16,16,SETEMBRO,2020,2020.09,QUARTA,17:00,TARDE,SAO CAETANO DO SUL,Metropolitana de São Paulo,RUA GONZAGA,497,MUNICIPAL,PREFEITURA,PREFEITURA,"-23,6239914682631","-46,5688606697894",SIMPLES,BOM,LUZ SOLAR,ÚNICA,NAO DISPONIVEL,INCLINADO,SECA,ASFALTO,SIMPLES,RETA,0,0,1,0,0,0,0,0,0,3,1,0,0,0,NÃO,NÃO,NÃO,SIM,NÃO,Vias Municipais,0,0,1,0,0,TARDE DE QUARTA,-23.6239914682631,-46.5688606697894
1222182,2020-09-15,15,SETEMBRO,2020,2020.09,TERÇA,22:31,NOITE,SAO CAETANO DO SUL,Metropolitana de São Paulo,RUA OSVALDO CRUZ,1843,MUNICIPAL,PREFEITURA,PREFEITURA,"-23,633135113523","-46,5678402550461",NAO DISPONIVEL,NAO DISPONIVEL,NAO DISPONIVEL,NAO DISPONIVEL,NAO DISPONIVEL,NAO DISPONIVEL,NAO DISPONIVEL,NAO DISPONIVEL,NAO DISPONIVEL,NAO DISPONIVEL,0,0,1,0,0,0,0,0,0,0,0,0,0,0,NÃO,NÃO,NÃO,SIM,NÃO,Vias Municipais,0,0,0,0,0,NOITE DE TERÇA,-23.633135113523,-46.5678402550461
1199797,2020-09-15,15,SETEMBRO,2020,2020.09,TERÇA,12:32,TARDE,SAO CAETANO DO SUL,Metropolitana de São Paulo,ACESSO AVENIDA DO ESTADO,2950,MUNICIPAL,PREFEITURA,PREFEITURA,"-23,6120356","-46,555989",NAO DISPONIVEL,NAO DISPONIVEL,NAO DISPONIVEL,NAO DISPONIVEL,NAO DISPONIVEL,NAO DISPONIVEL,NAO DISPONIVEL,NAO DISPONIVEL,NAO DISPONIVEL,NAO DISPONIVEL,0,0,0,0,0,0,1,0,0,0,0,0,0,1,NÃO,SIM,NÃO,NÃO,NÃO,Vias Municipais,0,0,0,0,0,TARDE DE TERÇA,-23.6120356,-46.555989
1199698,2020-09-15,15,SETEMBRO,2020,2020.09,TERÇA,12:30,TARDE,SAO CAETANO DO SUL,Metropolitana de São Paulo,AVENIDA DO ESTADO  DIVISA SAO PAULO,2950,MUNICIPAL,PREFEITURA,PREFEITURA,"-23,6112848255165","-46,5592018293134",SIMPLES,BOM,LUZ SOLAR,ÚNICA,NAO DISPONIVEL,PLANO,SECA,ASFALTO,SIMPLES,CURVA,0,0,0,0,1,0,0,0,0,0,0,0,0,0,NÃO,NÃO,NÃO,SIM,NÃO,Vias Municipais,0,0,0,1,0,TARDE DE TERÇA,-23.6112848255165,-46.5592018293134
1217637,2020-09-14,14,SETEMBRO,2020,2020.09,SEGUNDA,18:02,NOITE,SAO CAETANO DO SUL,Metropolitana de São Paulo,RUA GENERAL HUMBERTO DE ALENCAR CASTELO BRANCO,72,MUNICIPAL,PREFEITURA,PREFEITURA,"-23,6340541943759","-46,5507672544982",NAO DISPONIVEL,NAO DISPONIVEL,NAO DISPONIVEL,NAO DISPONIVEL,NAO DISPONIVEL,NAO DISPONIVEL,NAO DISPONIVEL,NAO DISPONIVEL,NAO DISPONIVEL,NAO DISPONIVEL,0,0,0,0,0,0,1,0,0,0,0,0,0,1,NÃO,NÃO,NÃO,SIM,NÃO,Vias Municipais,0,0,0,0,0,NOITE DE SEGUNDA,-23.6340541943759,-46.5507672544982
1219320,2020-09-13,13,SETEMBRO,2020,2020.09,DOMINGO,12:10,TARDE,SAO CAETANO DO SUL,Metropolitana de São Paulo,AVENIDA GOIAS,100,MUNICIPAL,PREFEITURA,PREFEITURA,"-23,6219003499761","-46,5493794552857",NAO DISPONIVEL,NAO DISPONIVEL,NAO DISPONIVEL,NAO DISPONIVEL,NAO DISPONIVEL,NAO DISPONIVEL,NAO DISPONIVEL,NAO DISPONIVEL,NAO DISPONIVEL,NAO DISPONIVEL,0,0,0,0,1,0,0,0,0,0,0,0,0,0,NÃO,NÃO,NÃO,SIM,NÃO,Vias Municipais,0,0,0,0,0,TARDE DE DOMINGO,-23.6219003499761,-46.5493794552857
1215744,2020-09-12,12,SETEMBRO,2020,2020.09,SÁBADO,12:01,TARDE,SAO CAETANO DO SUL,Metropolitana de São Paulo,RUA ALEGRE,NAO DISPONIVEL,MUNICIPAL,PREFEITURA,PREFEITURA,"-23,618813046","-46,554324373",SIMPLES,BOM,LUZ SOLAR,ÚNICA,NAO DISPONIVEL,PLANO,SECA,ASFALTO,SIMPLES,RETA,0,0,1,0,0,1,0,0,0,1,1,0,0,0,NÃO,NÃO,NÃO,SIM,NÃO,Vias Municipais,0,0,1,0,0,TARDE DE SÁBADO,-23.618813046,-46.554324373
1215937,2020-09-12,12,SETEMBRO,2020,2020.09,SÁBADO,12:03,TARDE,SAO CAETANO DO SUL,Metropolitana de São Paulo,RUA BOA VISTA,291,MUNICIPAL,PREFEITURA,PREFEITURA,"-23,6417273396947","-46,5622364244472",NAO DISPONIVEL,NAO DISPONIVEL,NAO DISPONIVEL,NAO DISPONIVEL,NAO DISPONIVEL,NAO DISPONIVEL,NAO DISPONIVEL,NAO DISPONIVEL,NAO DISPONIVEL,NAO DISPONIVEL,0,0,0,0,0,0,1,0,0,0,0,0,0,1,NÃO,NÃO,NÃO,SIM,NÃO,Vias Municipais,0,0,0,0,0,TARDE DE SÁBADO,-23.6417273396947,-46.5622364244472
1212907,2020-09-10,10,SETEMBRO,2020,2020.09,QUINTA,17:10,TARDE,SAO CAETANO DO SUL,Metropolitana de São Paulo,RUA RIO CLARO,81,MUNICIPAL,PREFEITURA,PREFEITURA,"-23,6261690163333","-46,5598015116666",DUPLA,BOM,LUZ SOLAR,DUPLA,NAO DISPONIVEL,INCLINADO,SECA,ASFALTO,DUPLA,CRUZAMENTO,0,0,0,0,0,0,1,1,1,1,0,0,0,0,NÃO,NÃO,NÃO,SIM,NÃO,Vias Municipais,1,0,0,0,0,TARDE DE QUINTA,-23.6261690163333,-46.5598015116666
1206867,2020-09-10,10,SETEMBRO,2020,2020.09,QUINTA,14:44,TARDE,SAO CAETANO DO SUL,Metropolitana de São Paulo,AVENIDA PRESIDENTE KENEDY,2715,MUNICIPAL,PREFEITURA,PREFEITURA,"-23,6430141746923","-46,5564611441538",MÚLTIPLA,BOM,LUZ SOLAR,ÚNICA,NAO DISPONIVEL,PLANO,SECA,ASFALTO,MULTIPLA,RETA,0,0,1,0,1,0,0,0,0,2,1,0,0,0,NÃO,NÃO,NÃO,SIM,NÃO,Vias Municipais,0,0,1,0,0,TARDE DE QUINTA,-23.6430141746923,-46.5564611441538
1191299,2020-09-09,9,SETEMBRO,2020,2020.09,QUARTA,06:53,MANHA,SAO CAETANO DO SUL,Metropolitana de São Paulo,AVENIDA GUIDO ALIBERTI,3919,MUNICIPAL,PREFEITURA,PREFEITURA,"-23,61799694435","-46,5812301598428",NAO DISPONIVEL,NAO DISPONIVEL,NAO DISPONIVEL,NAO DISPONIVEL,NAO DISPONIVEL,NAO DISPONIVEL,NAO DISPONIVEL,NAO DISPONIVEL,NAO DISPONIVEL,NAO DISPONIVEL,0,0,0,0,0,0,1,0,0,0,0,0,0,1,NÃO,NÃO,NÃO,SIM,NÃO,Vias Municipais,0,0,0,0,0,MANHA DE QUARTA,-23.61799694435,-46.5812301598428
1204868,2020-09-08,8,SETEMBRO,2020,2020.09,TERÇA,14:14,TARDE,SAO CAETANO DO SUL,Metropolitana de São Paulo,ACESSO DAS LAGRIMAS,467,MUNICIPAL,PREFEITURA,PREFEITURA,NAO DISPONIVEL,NAO DISPONIVEL,DUPLA,BOM,LUZ SOLAR,DUPLA,NAO DISPONIVEL,INCLINADO,SECA,ASFALTO,DUPLA,RETA,0,0,0,0,1,0,0,0,0,0,1,0,0,0,NÃO,NÃO,NÃO,SIM,NÃO,Vias Municipais,0,0,1,0,0,TARDE DE TERÇA,-23.62306,-46.55111
1205176,2020-09-08,8,SETEMBRO,2020,2020.09,TERÇA,14:22,TARDE,SAO CAETANO DO SUL,Metropolitana de São Paulo,ESTRADA DAS LAGRIMAS,485,MUNICIPAL,PREFEITURA,PREFEITURA,"-23,6352903955075","-46,5780992479055",NAO DISPONIVEL,NAO DISPONIVEL,NAO DISPONIVEL,NAO DISPONIVEL,NAO DISPONIVEL,NAO DISPONIVEL,NAO DISPONIVEL,NAO DISPONIVEL,NAO DISPONIVEL,NAO DISPONIVEL,0,0,0,0,0,0,1,0,0,0,0,0,0,1,NÃO,NÃO,NÃO,SIM,NÃO,Vias Municipais,0,0,0,0,0,TARDE DE TERÇA,-23.6352903955075,-46.5780992479055
1189131,2020-09-07,7,SETEMBRO,2020,2020.09,SEGUNDA,00:10,MADRUGADA,SAO CAETANO DO SUL,Metropolitana de São Paulo,AVENIDA GUIDO ALIBERTI,3083,MUNICIPAL,PREFEITURA,PREFEITURA,"-23,6255192678941","-46,5825424602042",DUPLA,BOM,NOITE (VIA ILUMINADA),DUPLA,NAO DISPONIVEL,PLANO,SECA,ASFALTO,DUPLA,CURVA,0,0,1,0,0,0,0,0,0,0,2,0,0,0,NÃO,NÃO,NÃO,SIM,NÃO,Vias Municipais,0,0,1,0,0,MADRUGADA DE SEGUNDA,-23.6255192678941,-46.5825424602042