ID,Data do Acidente,Dia do Acidente,Mês do Acidente,Ano do Acidente,Ano/Mês do Acidente,Dia da Semana,Hora do Acidente,Turno,Município,Região Administrativa,Logradouro,Numero/KM,Jurisdição,Administração,Conservação,LAT_(GEO),LONG_(GEO),Condições da pista,Condições Climáticas,Iluminação,Mão de direção,Obras na pista,Relevo,Superfície da via,Tipo de pavimento,Tipo de pista,Traçado,Veículos Envolvidos - Bicicleta,Veículos Envolvidos - Caminhão,Veículos Envolvidos - Automóvel,Veículos Envolvidos - Outros,Veículos Envolvidos - Motocicleta,Veículos Envolvidos - Ônibus,Veículos Envolvidos - ND,Veículos Envolvidos - Pedestre,Pessoas Envolvidas - Grave,Pessoas Envolvidas - Ileso,Pessoas Envolvidas - Leve,Pessoas Envolvidas - Fatal,Pessoas Envolvidas - Feridos,Pessoas Envolvidas - ND,Serviço de Atendimento - Bombeiro,Serviço de Atendimento - PMRV,Serviço de Atendimento - PRF,Serviço de Atendimento - Radio Patrulha,Servciço de Atendimento - CPTRAN,Tipo de Via,Tipo de Acidente - Atropelamento,Tipo de Acidente - Choque,Tipo de Acidente - Colisão,Tipo de Acidente - Outros tipos de Acidente,Tipo de Acidente - ND,Turno + Dia de Semana,latitude,longitude
1202231,2020-09-07,7,SETEMBRO,2020,2020.09,SEGUNDA,08:42,MANHA,SAO CAETANO DO SUL,Metropolitana de São Paulo,RUA MARTIM FRANCISCO,100,MUNICIPAL,PREFEITURA,PREFEITURA,"-23,6210636399615","-46,5614453178653",NAO DISPONIVEL,NAO DISPONIVEL,NAO DISPONIVEL,NAO DISPONIVEL,NAO DISPONIVEL,NAO DISPONIVEL,NAO DISPONIVEL,NAO DISPONIVEL,NAO DISPONIVEL,NAO DISPONIVEL,0,0,0,0,0,0,1,0,0,0,0,0,0,1,NÃO,SIM,NÃO,NÃO,NÃO,Vias Municipais,0,0,0,0,0,MANHA DE SEGUNDA,-23.6210636399615,-46.5614453178653
1202226,2020-09-07,7,SETEMBRO,2020,2020.09,SEGUNDA,08:41,MANHA,SAO CAETANO DO SUL,Metropolitana de São Paulo,RUA PIAUI,1022,MUNICIPAL,PREFEITURA,PREFEITURA,"-23,6190476","-46,5695548166666",NAO DISPONIVEL,NAO DISPONIVEL,NAO DISPONIVEL,NAO DISPONIVEL,NAO DISPONIVEL,NAO DISPONIVEL,NAO DISPONIVEL,NAO DISPONIVEL,NAO DISPONIVEL,NAO DISPONIVEL,0,0,0,0,0,0,1,0,0,0,0,0,0,1,NÃO,SIM,NÃO,NÃO,NÃO,Vias Municipais,0,0,0,0,0,MANHA DE SEGUNDA,-23.6190476,-46.5695548166666
1226530,2020-09-06,6,SETEMBRO,2020,2020.09,DOMINGO,16:20,TARDE,SAO CAETANO DO SUL,Metropolitana de São Paulo,RUA ARTUR RUBENS DEL CID,100,MUNICIPAL,PREFEITURA,PREFEITURA,"-23,6353844741316","-46,5512569142683",SIMPLES,BOM,LUZ SOLAR,DUPLA,NAO DISPONIVEL,INCLINADO,SECA,ASFALTO,SIMPLES,CURVA,0,0,1,0,1,0,0,0,0,3,1,0,0,0,NÃO,NÃO,NÃO,SIM,NÃO,Vias Municipais,0,1,0,0,0,TARDE DE DOMINGO,-23.6353844741316,-46.5512569142683
1221053,2020-09-05,5,SETEMBRO,2020,2020.09,SÁBADO,14:17,TARDE,SAO CAETANO DO SUL,Metropolitana de São Paulo,RUA SAO PAULO,23,MUNICIPAL,PREFEITURA,PREFEITURA,"-23,622102366798","-46,5567189291968",SIMPLES,BOM,LUZ SOLAR,ÚNICA,NAO DISPONIVEL,PLANO,SECA,ASFALTO,SIMPLES,RETA,0,0,1,0,1,0,0,0,0,1,1,0,0,0,NÃO,NÃO,NÃO,SIM,NÃO,Vias Municipais,0,0,0,1,0,TARDE DE SÁBADO,-23.622102366798,-46.5567189291968
1215032,2020-09-03,3,SETEMBRO,2020,2020.09,QUINTA,18:29,NOITE,SAO CAETANO DO SUL,Metropolitana de São Paulo,RETORNO AVENIDA PRESIDENTE KENEDY,3185,MUNICIPAL,PREFEITURA,PREFEITURA,"-23,63920194","-46,559046424",NAO DISPONIVEL,NAO DISPONIVEL,NAO DISPONIVEL,NAO DISPONIVEL,NAO DISPONIVEL,NAO DISPONIVEL,NAO DISPONIVEL,NAO DISPONIVEL,NAO DISPONIVEL,NAO DISPONIVEL,0,0,0,0,1,0,0,0,0,0,0,0,0,1,NÃO,NÃO,NÃO,SIM,NÃO,Vias Municipais,0,0,0,0,0,NOITE DE QUINTA,-23.63920194,-46.559046424
1215133,2020-09-03,3,SETEMBRO,2020,2020.09,QUINTA,18:29,NOITE,SAO CAETANO DO SUL,Metropolitana de São Paulo,AVENIDA PRESIDENTE KENEDY,3000,MUNICIPAL,PREFEITURA,PREFEITURA,"-23,6211868000639","-46,556126397437",NAO DISPONIVEL,NAO DISPONIVEL,NAO DISPONIVEL,NAO DISPONIVEL,NAO DISPONIVEL,NAO DISPONIVEL,NAO DISPONIVEL,NAO DISPONIVEL,NAO DISPONIVEL,NAO DISPONIVEL,0,0,0,0,0,0,1,0,0,0,0,0,0,1,NÃO,NÃO,NÃO,SIM,NÃO,Vias Municipais,0,0,0,0,0,NOITE DE QUINTA,-23.6211868000639,-46.556126397437
1199695,2020-09-03,3,SETEMBRO,2020,2020.09,QUINTA,11:53,MANHA,SAO CAETANO DO SUL,Metropolitana de São Paulo,AVENIDA GUIDO ALIBERTI,4195,MUNICIPAL,PREFEITURA,PREFEITURA,"-23,6155091713858","-46,5808089141524",NAO DISPONIVEL,NAO DISPONIVEL,NAO DISPONIVEL,NAO DISPONIVEL,NAO DISPONIVEL,NAO DISPONIVEL,NAO DISPONIVEL,NAO DISPONIVEL,NAO DISPONIVEL,NAO DISPONIVEL,0,0,1,0,0,0,0,0,0,0,0,0,0,1,NÃO,NÃO,NÃO,SIM,NÃO,Vias Municipais,0,0,0,0,0,MANHA DE QUINTA,-23.6155091713858,-46.5808089141524
1133812,2020-08-31,31,AGOSTO,2020,2020.08,SEGUNDA,00:49,MADRUGADA,SAO CAETANO DO SUL,Metropolitana de São Paulo,TRAVESSA DA AMELIO PELEGRINO,92,MUNICIPAL,PREFEITURA,PREFEITURA,"-23,6290436792667","-46,5670422195182",NAO DISPONIVEL,NAO DISPONIVEL,NAO DISPONIVEL,NAO DISPONIVEL,NAO DISPONIVEL,NAO DISPONIVEL,NAO DISPONIVEL,NAO DISPONIVEL,NAO DISPONIVEL,NAO DISPONIVEL,0,0,0,0,0,0,1,0,0,0,0,0,0,1,NÃO,NÃO,NÃO,SIM,NÃO,Vias Municipais,0,0,0,0,0,MADRUGADA DE SEGUNDA,-23.6290436792667,-46.5670422195182
1148588,2020-08-30,30,AGOSTO,2020,2020.08,DOMINGO,05:08,MADRUGADA,SAO CAETANO DO SUL,Metropolitana de São Paulo,ACESSO AVENIDA DO ESTADO,123,MUNICIPAL,PREFEITURA,PREFEITURA,NAO DISPONIVEL,NAO DISPONIVEL,MÚLTIPLA,BOM,LUZ SOLAR,ÚNICA,NAO DISPONIVEL,PLANO,SECA,ASFALTO,MULTIPLA,CURVA,0,0,1,0,0,0,0,0,0,1,1,0,0,0,NÃO,NÃO,NÃO,SIM,NÃO,Vias Municipais,0,0,1,0,0,MADRUGADA DE DOMINGO,-23.62306,-46.55111
1154628,2020-08-30,30,AGOSTO,2020,2020.08,DOMINGO,01:04,MADRUGADA,SAO CAETANO DO SUL,Metropolitana de São Paulo,AVENIDA GUIDO ALIBERTI,500,MUNICIPAL,PREFEITURA,PREFEITURA,"-23,627084976045","-46,5818277446156",NAO DISPONIVEL,NAO DISPONIVEL,NAO DISPONIVEL,NAO DISPONIVEL,NAO DISPONIVEL,NAO DISPONIVEL,NAO DISPONIVEL,NAO DISPONIVEL,NAO DISPONIVEL,NAO DISPONIVEL,0,0,0,0,0,0,1,0,0,0,0,0,0,1,SIM,NÃO,NÃO,NÃO,NÃO,Vias Municipais,0,0,0,0,0,MADRUGADA DE DOMINGO,-23.627084976045,-46.5818277446156
1145205,2020-08-30,30,AGOSTO,2020,2020.08,DOMINGO,00:45,MADRUGADA,SAO CAETANO DO SUL,Metropolitana de São Paulo,AVENIDA LEMOS MONTEIRO,266,MUNICIPAL,PREFEITURA,PREFEITURA,"-23,6244886956666","-46,560163068",DUPLA,BOM,NOITE (VIA ILUMINADA),DUPLA,NAO DISPONIVEL,PLANO,SECA,ASFALTO,DUPLA,RETA,0,0,1,0,1,0,0,0,0,1,1,0,0,0,NÃO,NÃO,NÃO,SIM,NÃO,Vias Municipais,0,0,1,0,0,MADRUGADA DE DOMINGO,-23.6244886956666,-46.560163068
1187112,2020-08-29,29,AGOSTO,2020,2020.08,SÁBADO,03:59,MADRUGADA,SAO CAETANO DO SUL,Metropolitana de São Paulo,AVENIDA GUIDO ALIBERTI,3531,MUNICIPAL,PREFEITURA,PREFEITURA,"-23,6215","-46,5818",NAO DISPONIVEL,NAO DISPONIVEL,NAO DISPONIVEL,NAO DISPONIVEL,NAO DISPONIVEL,NAO DISPONIVEL,NAO DISPONIVEL,NAO DISPONIVEL,NAO DISPONIVEL,NAO DISPONIVEL,0,0,0,0,1,0,0,0,0,0,0,0,0,0,SIM,NÃO,NÃO,NÃO,NÃO,Vias Municipais,0,0,0,0,0,MADRUGADA DE SÁBADO,-23.6215,-46.5818
1170217,2020-08-27,27,AGOSTO,2020,2020.08,QUINTA,20:19,NOITE,SAO CAETANO DO SUL,Metropolitana de São Paulo,RUA PELEGRINO BERNARDO,10,MUNICIPAL,PREFEITURA,PREFEITURA,"-23,6263586481576","-46,5590015913658",DUPLA,BOM,NOITE (VIA ILUMINADA),DUPLA,NAO DISPONIVEL,PLANO,SECA,ASFALTO,DUPLA,CRUZAMENTO,0,0,1,0,1,0,0,0,0,2,1,0,0,0,NÃO,NÃO,NÃO,SIM,NÃO,Vias Municipais,0,0,1,0,0,NOITE DE QUINTA,-23.6263586481576,-46.5590015913658
1148564,2020-08-26,26,AGOSTO,2020,2020.08,QUARTA,18:06,NOITE,SAO CAETANO DO SUL,Metropolitana de São Paulo,RUA MARANHAO,100,MUNICIPAL,PREFEITURA,PREFEITURA,"-23,6205626185384","-46,5571752161923",NAO DISPONIVEL,NAO DISPONIVEL,NAO DISPONIVEL,NAO DISPONIVEL,NAO DISPONIVEL,NAO DISPONIVEL,NAO DISPONIVEL,NAO DISPONIVEL,NAO DISPONIVEL,NAO DISPONIVEL,0,0,0,0,1,0,0,0,0,0,0,0,0,0,NÃO,NÃO,NÃO,SIM,NÃO,Vias Municipais,0,0,0,0,0,NOITE DE QUARTA,-23.6205626185384,-46.5571752161923
1148073,2020-08-26,26,AGOSTO,2020,2020.08,QUARTA,11:06,MANHA,SAO CAETANO DO SUL,Metropolitana de São Paulo,AVENIDA GUIDO ALIBERTI,301,MUNICIPAL,PREFEITURA,PREFEITURA,"-23,6104182","-46,5798758",NAO DISPONIVEL,NAO DISPONIVEL,NAO DISPONIVEL,NAO DISPONIVEL,NAO DISPONIVEL,NAO DISPONIVEL,NAO DISPONIVEL,NAO DISPONIVEL,NAO DISPONIVEL,NAO DISPONIVEL,0,0,1,0,1,0,0,0,0,0,0,0,0,1,NÃO,NÃO,NÃO,SIM,NÃO,Vias Municipais,0,0,0,0,0,MANHA DE QUARTA,-23.6104182,-46.5798758
1147785,2020-08-26,26,AGOSTO,2020,2020.08,QUARTA,17:45,TARDE,SAO CAETANO DO SUL,Metropolitana de São Paulo,RUA FLORIDA,NAO DISPONIVEL,MUNICIPAL,PREFEITURA,PREFEITURA,"-23,6256026032254","-46,5507693398436",NAO DISPONIVEL,NAO DISPONIVEL,NAO DISPONIVEL,NAO DISPONIVEL,NAO DISPONIVEL,NAO DISPONIVEL,NAO DISPONIVEL,NAO DISPONIVEL,NAO DISPONIVEL,NAO DISPONIVEL,0,0,0,0,0,0,1,0,0,0,0,0,0,0,NÃO,NÃO,NÃO,SIM,NÃO,Vias Municipais,0,0,0,0,0,TARDE DE QUARTA,-23.6256026032254,-46.5507693398436
1173982,2020-08-25,25,AGOSTO,2020,2020.08,TERÇA,16:01,TARDE,SAO CAETANO DO SUL,Metropolitana de São Paulo,RUA ELDORADO,310,MUNICIPAL,PREFEITURA,PREFEITURA,"-23,6093672817391","-46,5504882700869",DUPLA,BOM,LUZ SOLAR,DUPLA,NAO DISPONIVEL,PLANO,SECA,ASFALTO,DUPLA,RETA,0,0,1,0,0,0,0,0,0,1,0,0,0,0,NÃO,NÃO,NÃO,SIM,NÃO,Vias Municipais,0,0,1,0,0,TARDE DE TERÇA,-23.6093672817391,-46.5504882700869
1177130,2020-08-23,23,AGOSTO,2020,2020.08,DOMINGO,14:46,TARDE,SAO CAETANO DO SUL,Metropolitana de São Paulo,RUA ADELAIDE,196,MUNICIPAL,PREFEITURA,PREFEITURA,"-23,6381567299773","-46,5614455035111",NAO DISPONIVEL,NAO DISPONIVEL,NAO DISPONIVEL,NAO DISPONIVEL,NAO DISPONIVEL,NAO DISPONIVEL,NAO DISPONIVEL,NAO DISPONIVEL,NAO DISPONIVEL,NAO DISPONIVEL,0,0,0,0,0,0,1,0,0,0,0,0,0,1,NÃO,NÃO,NÃO,SIM,NÃO,Vias Municipais,0,0,0,0,0,TARDE DE DOMINGO,-23.6381567299773,-46.5614455035111
1142388,2020-08-21,21,AGOSTO,2020,2020.08,SEXTA,16:28,TARDE,SAO CAETANO DO SUL,Metropolitana de São Paulo,RUA RIO DE JANEIRO,50,MUNICIPAL,PREFEITURA,PREFEITURA,"-23,6230170750223","-46,5578090456075",SIMPLES,BOM,LUZ SOLAR,ÚNICA,NAO DISPONIVEL,PLANO,MOLHADA,ASFALTO,SIMPLES,RETA,0,0,1,0,1,0,0,0,0,1,1,0,0,0,NÃO,NÃO,NÃO,SIM,NÃO,Vias Municipais,0,0,1,0,0,TARDE DE SEXTA,-23.6230170750223,-46.5578090456075
1158126,2020-08-20,20,AGOSTO,2020,2020.08,QUINTA,23:20,NOITE,SAO CAETANO DO SUL,Metropolitana de São Paulo,RUA LUIS CLAUDIO CAPOVILA FILHO,10,MUNICIPAL,PREFEITURA,PREFEITURA,"-23,6335899266842","-46,5767896747368",NAO DISPONIVEL,NAO DISPONIVEL,NAO DISPONIVEL,NAO DISPONIVEL,NAO DISPONIVEL,NAO DISPONIVEL,NAO DISPONIVEL,NAO DISPONIVEL,NAO DISPONIVEL,NAO DISPONIVEL,0,0,0,0,0,0,1,0,0,0,0,0,0,1,NÃO,NÃO,NÃO,SIM,NÃO,Vias Municipais,0,0,0,0,0,NOITE DE QUINTA,-23.6335899266842,-46.5767896747368
1157907,2020-08-20,20,AGOSTO,2020,2020.08,QUINTA,18:11,NOITE,SAO CAETANO DO SUL,Metropolitana de São Paulo,RUA ALEGRE,1162,MUNICIPAL,PREFEITURA,PREFEITURA,NAO DISPONIVEL,NAO DISPONIVEL,NAO DISPONIVEL,NAO DISPONIVEL,NAO DISPONIVEL,NAO DISPONIVEL,NAO DISPONIVEL,NAO DISPONIVEL,NAO DISPONIVEL,NAO DISPONIVEL,NAO DISPONIVEL,NAO DISPONIVEL,0,0,1,0,0,0,0,0,0,0,0,0,0,0,NÃO,NÃO,NÃO,SIM,NÃO,Vias Municipais,0,0,0,0,0,NOITE DE QUINTA,-23.62306,-46.55111
1168327,2020-08-18,18,AGOSTO,2020,2020.08,TERÇA,14:18,TARDE,SAO CAETANO DO SUL,Metropolitana de São Paulo,AVENIDA PRESIDENTE KENEDY,3113,MUNICIPAL,PREFEITURA,PREFEITURA,"-23,6221629896792","-46,5564948510083",SIMPLES,CHUVA,LUZ SOLAR,ÚNICA,NAO DISPONIVEL,PLANO,MOLHADA,ASFALTO,SIMPLES,CRUZAMENTO,0,0,0,0,0,0,1,0,0,0,0,0,0,1,NÃO,SIM,NÃO,NÃO,NÃO,Vias Municipais,0,1,0,0,0,TARDE DE TERÇA,-23.6221629896792,-46.5564948510083
1145780,2020-08-17,17,AGOSTO,2020,2020.08,SEGUNDA,17:00,TARDE,SAO CAETANO DO SUL,Metropolitana de São Paulo,RUA VISCONDE DE INHAUMA,44,MUNICIPAL,PREFEITURA,PREFEITURA,"-23,6293207946187","-46,5668767472474",DUPLA,BOM,LUZ SOLAR,DUPLA,NAO DISPONIVEL,PLANO,SECA,ASFALTO,DUPLA,RETA,0,0,1,0,1,0,0,0,0,3,0,0,0,0,NÃO,NÃO,NÃO,SIM,NÃO,Vias Municipais,0,1,0,0,0,TARDE DE SEGUNDA,-23.6293207946187,-46.5668767472474
1177862,2020-08-16,16,AGOSTO,2020,2020.08,DOMINGO,15:13,TARDE,SAO CAETANO DO SUL,Metropolitana de São Paulo,RUA RAFAEL CORREA SAMPAIO,566,MUNICIPAL,PREFEITURA,PREFEITURA,"-23,620015008125","-46,5640551809062",SIMPLES,BOM,LUZ SOLAR,ÚNICA,NAO DISPONIVEL,PLANO,SECA,ASFALTO,SIMPLES,RETA,0,0,1,0,0,0,0,0,0,1,1,0,0,1,NÃO,NÃO,NÃO,SIM,NÃO,Vias Municipais,0,0,1,0,0,TARDE DE DOMINGO,-23.620015008125,-46.5640551809062
1154405,2020-08-13,13,AGOSTO,2020,2020.08,QUINTA,19:31,NOITE,SAO CAETANO DO SUL,Metropolitana de São Paulo,RUA ALAGOAS,10,MUNICIPAL,PREFEITURA,PREFEITURA,"-23,6118028438181","-46,572447077",SIMPLES,CHUVA,NOITE (VIA ILUMINADA),ÚNICA,NAO DISPONIVEL,PLANO,MOLHADA,ASFALTO,SIMPLES,CRUZAMENTO,0,0,1,0,1,0,0,0,0,2,1,0,0,0,NÃO,NÃO,NÃO,SIM,NÃO,Vias Municipais,0,0,1,0,0,NOITE DE QUINTA,-23.6118028438181,-46.572447077
1138408,2020-08-12,12,AGOSTO,2020,2020.08,QUARTA,12:47,TARDE,SAO CAETANO DO SUL,Metropolitana de São Paulo,RUA URUPEMA,NAO DISPONIVEL,MUNICIPAL,PREFEITURA,PREFEITURA,"-23,6280946738146","-46,5648616870031",SIMPLES,BOM,LUZ SOLAR,ÚNICA,NAO DISPONIVEL,INCLINADO,SECA,ASFALTO,SIMPLES,RETA,0,0,1,0,1,0,0,0,0,1,1,0,0,0,NÃO,NÃO,NÃO,SIM,NÃO,Vias Municipais,0,0,1,0,0,TARDE DE QUARTA,-23.6280946738146,-46.5648616870031
1156245,2020-08-08,8,AGOSTO,2020,2020.08,SÁBADO,14:19,TARDE,SAO CAETANO DO SUL,Metropolitana de São Paulo,RUA VISCONDE DE INHAUMA,352,MUNICIPAL,PREFEITURA,PREFEITURA,"-23,6318316392","-46,5655910729999",DUPLA,BOM,LUZ SOLAR,DUPLA,NAO DISPONIVEL,PLANO,SECA,ASFALTO,DUPLA,RETA,0,0,1,0,1,0,0,0,0,1,1,0,0,0,NÃO,NÃO,NÃO,SIM,NÃO,Vias Municipais,0,0,1,0,0,TARDE DE SÁBADO,-23.6318316392,-46.5655910729999
1180596,2020-08-07,7,AGOSTO,2020,2020.08,SEXTA,07:51,MANHA,SAO CAETANO DO SUL,Metropolitana de São Paulo,RUA TOCANTINS,411,MUNICIPAL,PREFEITURA,PREFEITURA,"-23,6431468275137","-46,5672305554714",SIMPLES,BOM,LUZ SOLAR,ÚNICA,NAO DISPONIVEL,INCLINADO,SECA,ASFALTO,SIMPLES,CRUZAMENTO,0,0,1,0,1,0,0,0,0,2,1,0,0,0,NÃO,NÃO,NÃO,SIM,NÃO,Vias Municipais,0,0,1,0,0,MANHA DE SEXTA,-23.6431468275137,-46.5672305554714
1173369,2020-08-07,7,AGOSTO,2020,2020.08,SEXTA,13:19,TARDE,SAO CAETANO DO SUL,Metropolitana de São Paulo,RUA FLORIDA,258,MUNICIPAL,PREFEITURA,PREFEITURA,"-23,6194072201717","-46,5552736209126",SIMPLES,BOM,LUZ SOLAR,DUPLA,NAO DISPONIVEL,PLANO,SECA,ASFALTO,SIMPLES,CRUZAMENTO,0,0,1,0,1,0,0,0,0,3,0,0,0,0,NÃO,NÃO,NÃO,SIM,NÃO,Vias Municipais,0,0,1,0,0,TARDE DE SEXTA,-23.6194072201717,-46.5552736209126
1173986,2020-08-06,6,AGOSTO,2020,2020.08,QUINTA,16:30,TARDE,SAO CAETANO DO SUL,Metropolitana de São Paulo,RUA JOAO BATISTA,10,MUNICIPAL,PREFEITURA,PREFEITURA,"-23,644132433132","-46,5723808445122",DUPLA,BOM,LUZ SOLAR,DUPLA,NAO DISPONIVEL,PLANO,SECA,ASFALTO,DUPLA,CRUZAMENTO,0,0,1,0,1,0,0,0,0,1,1,0,0,0,NÃO,NÃO,NÃO,SIM,NÃO,Vias Municipais,0,0,1,0,0,TARDE DE QUINTA,-23.644132433132,-46.5723808445122
1167793,2020-08-05,5,AGOSTO,2020,2020.08,QUARTA,18:05,NOITE,SAO CAETANO DO SUL,Metropolitana de São Paulo,ACESSO AVENIDA DO ESTADO,100,MUNICIPAL,PREFEITURA,PREFEITURA,"-23,6097304099999","-46,553391198",NAO DISPONIVEL,NAO DISPONIVEL,NAO DISPONIVEL,NAO DISPONIVEL,NAO DISPONIVEL,NAO DISPONIVEL,NAO DISPONIVEL,NAO DISPONIVEL,NAO DISPONIVEL,NAO DISPONIVEL,0,0,0,0,0,0,1,0,0,0,0,0,0,1,NÃO,NÃO,NÃO,SIM,NÃO,Vias Municipais,0,0,0,0,0,NOITE DE QUARTA,-23.6097304099999,-46.553391198
1090795,2020-07-31,31,JULHO,2020,2020.07,SEXTA,11:20,MANHA,SAO CAETANO DO SUL,Metropolitana de São Paulo,RUA SENADOR VERGUEIRO,NAO DISPONIVEL,MUNICIPAL,PREFEITURA,PREFEITURA,"-23,615144587","-46,577557316",NAO DISPONIVEL,BOM,LUZ SOLAR,NAO DISPONIVEL,NAO DISPONIVEL,NAO DISPONIVEL,NAO DISPONIVEL,NAO DISPONIVEL,NAO DISPONIVEL,NAO DISPONIVEL,0,0,0,0,0,0,1,0,0,0,0,0,0,1,SIM,NÃO,NÃO,NÃO,NÃO,Vias Municipais,0,0,0,0,0,MANHA DE SEXTA,-23.615144587,-46.577557316
1083267,2020-07-31,31,JULHO,2020,2020.07,SEXTA,02:00,MADRUGADA,SAO CAETANO DO SUL,Metropolitana de São Paulo,ALAMEDA CONDE DE PORTO ALEGRE,1203,MUNICIPAL,PREFEITURA,PREFEITURA,"-23,639323417183","-46,5568148061048",DUPLA,BOM,NOITE (VIA ILUMINADA),DUPLA,NAO DISPONIVEL,LOMBADA,SECA,ASFALTO,DUPLA,CRUZAMENTO,0,0,1,0,0,0,0,0,0,1,1,0,0,0,NÃO,NÃO,NÃO,SIM,NÃO,Vias Municipais,0,1,0,0,0,MADRUGADA DE SEXTA,-23.639323417183,-46.5568148061048
1085405,2020-07-31,31,JULHO,2020,2020.07,SEXTA,07:17,MANHA,SAO CAETANO DO SUL,Metropolitana de São Paulo,AVENIDA GOIAS,3144,MUNICIPAL,PREFEITURA,PREFEITURA,"-23,6163708306483","-46,5636854331538",DUPLA,BOM,LUZ SOLAR,DUPLA,NAO DISPONIVEL,PLANO,SECA,ASFALTO,DUPLA,RETA,0,0,1,0,1,0,0,1,0,2,0,0,0,0,NÃO,NÃO,NÃO,SIM,NÃO,Vias Municipais,1,0,0,0,0,MANHA DE SEXTA,-23.6163708306483,-46.5636854331538
1096829,2020-07-30,30,JULHO,2020,2020.07,QUINTA,15:21,TARDE,SAO CAETANO DO SUL,Metropolitana de São Paulo,RUA OSVALDO CRUZ,1436,MUNICIPAL,PREFEITURA,PREFEITURA,"-23,6294530819499","-46,5678478662",DUPLA,BOM,LUZ SOLAR,ÚNICA,NAO DISPONIVEL,INCLINADO,SECA,ASFALTO,DUPLA,RETA,0,0,1,0,1,0,0,0,1,1,0,0,0,0,NÃO,NÃO,NÃO,SIM,NÃO,Vias Municipais,0,0,1,0,0,TARDE DE QUINTA,-23.6294530819499,-46.5678478662
1103030,2020-07-28,28,JULHO,2020,2020.07,TERÇA,16:52,TARDE,SAO CAETANO DO SUL,Metropolitana de São Paulo,VIADUTO DA INDEPENDENCIA,150,MUNICIPAL,PREFEITURA,PREFEITURA,NAO DISPONIVEL,NAO DISPONIVEL,NAO DISPONIVEL,NAO DISPONIVEL,NAO DISPONIVEL,NAO DISPONIVEL,NAO DISPONIVEL,NAO DISPONIVEL,NAO DISPONIVEL,NAO DISPONIVEL,NAO DISPONIVEL,NAO DISPONIVEL,0,0,0,0,0,0,1,0,0,0,0,0,0,1,NÃO,NÃO,NÃO,SIM,NÃO,Vias Municipais,0,0,0,0,0,TARDE DE TERÇA,-23.62306,-46.55111
1103007,2020-07-26,26,JULHO,2020,2020.07,DOMINGO,05:44,MADRUGADA,SAO CAETANO DO SUL,Metropolitana de São Paulo,AVENIDA GOIAS,1100,MUNICIPAL,PREFEITURA,PREFEITURA,"-23,617057824826","-46,5528613433043",MÚLTIPLA,BOM,LUZ SOLAR,ÚNICA,NAO DISPONIVEL,PLANO,SECA,ASFALTO,MULTIPLA,CRUZAMENTO,0,0,1,0,1,0,0,0,0,1,1,0,0,0,NÃO,NÃO,NÃO,SIM,NÃO,Vias Municipais,0,0,1,0,0,MADRUGADA DE DOMINGO,-23.617057824826,-46.5528613433043
1099985,2020-07-23,23,JULHO,2020,2020.07,QUINTA,14:48,TARDE,SAO CAETANO DO SUL,Metropolitana de São Paulo,RUA AURELIA,161,MUNICIPAL,PREFEITURA,PREFEITURA,"-23,617076364","-46,5566916274285",DUPLA,BOM,LUZ SOLAR,DUPLA,NAO DISPONIVEL,PLANO,SECA,ASFALTO,DUPLA,CRUZAMENTO,0,0,1,0,1,0,0,0,0,1,1,0,0,0,NÃO,NÃO,NÃO,SIM,NÃO,Vias Municipais,0,0,1,0,0,TARDE DE QUINTA,-23.617076364,-46.5566916274285
1099448,2020-07-23,23,JULHO,2020,2020.07,QUINTA,14:32,TARDE,SAO CAETANO DO SUL,Metropolitana de São Paulo,AVENIDA GOIAS,233,MUNICIPAL,PREFEITURA,PREFEITURA,NAO DISPONIVEL,NAO DISPONIVEL,NAO DISPONIVEL,NAO DISPONIVEL,NAO DISPONIVEL,NAO DISPONIVEL,NAO DISPONIVEL,NAO DISPONIVEL,NAO DISPONIVEL,NAO DISPONIVEL,NAO DISPONIVEL,NAO DISPONIVEL,0,0,0,0,0,0,1,0,0,0,0,0,0,1,SIM,NÃO,NÃO,NÃO,NÃO,Vias Municipais,0,0,0,0,0,TARDE DE QUINTA,-23.62306,-46.55111
1085431,2020-07-20,20,JULHO,2020,2020.07,SEGUNDA,05:07,MADRUGADA,SAO CAETANO DO SUL,Metropolitana de São Paulo,RUA BOA VISTA,523,MUNICIPAL,PREFEITURA,PREFEITURA,"-23,6424747839642","-46,5618151451071",SIMPLES,BOM,ENTARDECER/AMANHECER,DUPLA,NAO DISPONIVEL,PLANO,SECA,ASFALTO,SIMPLES,CRUZAMENTO,0,0,1,0,0,0,0,0,0,3,0,0,0,0,NÃO,NÃO,NÃO,SIM,NÃO,Vias Municipais,0,1,0,0,0,MADRUGADA DE SEGUNDA,-23.6424747839642,-46.5618151451071