ID,Data do Acidente,Dia do Acidente,Mês do Acidente,Ano do Acidente,Ano/Mês do Acidente,Dia da Semana,Hora do Acidente,Turno,Município,Região Administrativa,Logradouro,Numero/KM,Jurisdição,Administração,Conservação,LAT_(GEO),LONG_(GEO),Condições da pista,Condições Climáticas,Iluminação,Mão de direção,Obras na pista,Relevo,Superfície da via,Tipo de pavimento,Tipo de pista,Traçado,Veículos Envolvidos - Bicicleta,Veículos Envolvidos - Caminhão,Veículos Envolvidos - Automóvel,Veículos Envolvidos - Outros,Veículos Envolvidos - Motocicleta,Veículos Envolvidos - Ônibus,Veículos Envolvidos - ND,Veículos Envolvidos - Pedestre,Pessoas Envolvidas - Grave,Pessoas Envolvidas - Ileso,Pessoas Envolvidas - Leve,Pessoas Envolvidas - Fatal,Pessoas Envolvidas - Feridos,Pessoas Envolvidas - ND,Serviço de Atendimento - Bombeiro,Serviço de Atendimento - PMRV,Serviço de Atendimento - PRF,Serviço de Atendimento - Radio Patrulha,Servciço de Atendimento - CPTRAN,Tipo de Via,Tipo de Acidente - Atropelamento,Tipo de Acidente - Choque,Tipo de Acidente - Colisão,Tipo de Acidente - Outros tipos de Acidente,Tipo de Acidente - ND,Turno + Dia de Semana,latitude,longitude
783262,2020-03-18,18,MARÇO,2020,2020.03,QUARTA,10:00,MANHA,SAO CAETANO DO SUL,Metropolitana de São Paulo,RUA BOA VISTA,297,MUNICIPAL,PREFEITURA,PREFEITURA,"-23,6417778840789","-46,562210671706",NAO DISPONIVEL,NAO DISPONIVEL,NAO DISPONIVEL,NAO DISPONIVEL,NAO DISPONIVEL,NAO DISPONIVEL,NAO DISPONIVEL,NAO DISPONIVEL,NAO DISPONIVEL,NAO DISPONIVEL,0,0,0,0,0,0,1,0,0,0,0,0,0,1,NÃO,NÃO,NÃO,SIM,NÃO,Vias Municipais,0,0,0,0,0,MANHA DE QUARTA,-23.6417778840789,-46.562210671706
801107,2020-03-18,18,MARÇO,2020,2020.03,QUARTA,18:50,NOITE,SAO CAETANO DO SUL,Metropolitana de São Paulo,RUA GENERAL OSORIO,100,MUNICIPAL,PREFEITURA,PREFEITURA,"-23,6235737017255","-46,5593896249215",DUPLA,BOM,NOITE (VIA ILUMINADA),DUPLA,VIA NÃO SINALIZADA,PLANO,SECA,ASFALTO,DUPLA,CRUZAMENTO,0,0,1,0,0,0,0,1,0,2,1,0,0,0,NÃO,NÃO,NÃO,SIM,NÃO,Vias Municipais,1,0,0,0,0,NOITE DE QUARTA,-23.6235737017255,-46.5593896249215
821354,2020-03-18,18,MARÇO,2020,2020.03,QUARTA,12:53,TARDE,SAO CAETANO DO SUL,Metropolitana de São Paulo,AVENIDA GUIDO ALIBERTI,1007,MUNICIPAL,PREFEITURA,PREFEITURA,"-23,6226678564216","-46,5818841134774",MÚLTIPLA,BOM,LUZ SOLAR,ÚNICA,VIA MAL SINALIZADA,PLANO,SECA,ASFALTO,MULTIPLA,RETA,0,1,0,0,1,0,0,0,0,1,1,0,0,0,NÃO,NÃO,NÃO,SIM,NÃO,Vias Municipais,0,1,0,0,0,TARDE DE QUARTA,-23.6226678564216,-46.5818841134774
804742,2020-03-14,14,MARÇO,2020,2020.03,SÁBADO,07:53,MANHA,SAO CAETANO DO SUL,Metropolitana de São Paulo,AVENIDA GOIAS,861,MUNICIPAL,PREFEITURA,PREFEITURA,"-23,6188156423846","-46,5515988543077",MÚLTIPLA,BOM,LUZ SOLAR,ÚNICA,NAO DISPONIVEL,INCLINADO,SECA,ASFALTO,MULTIPLA,CRUZAMENTO,0,0,0,0,1,0,0,0,0,0,2,0,0,0,NÃO,NÃO,NÃO,SIM,NÃO,Vias Municipais,0,0,1,0,0,MANHA DE SÁBADO,-23.6188156423846,-46.5515988543077
799500,2020-03-13,13,MARÇO,2020,2020.03,SEXTA,15:25,TARDE,SAO CAETANO DO SUL,Metropolitana de São Paulo,RUA MANOEL COELHO,220,MUNICIPAL,PREFEITURA,PREFEITURA,"-23,6116712480434","-46,5723613640869",NAO DISPONIVEL,NAO DISPONIVEL,NAO DISPONIVEL,NAO DISPONIVEL,NAO DISPONIVEL,NAO DISPONIVEL,NAO DISPONIVEL,NAO DISPONIVEL,NAO DISPONIVEL,NAO DISPONIVEL,0,0,0,0,0,0,1,0,0,0,0,0,0,1,NÃO,NÃO,NÃO,SIM,NÃO,Vias Municipais,0,0,0,0,0,TARDE DE SEXTA,-23.6116712480434,-46.5723613640869
823448,2020-03-10,10,MARÇO,2020,2020.03,TERÇA,18:33,NOITE,SAO CAETANO DO SUL,Metropolitana de São Paulo,RUA MANOEL AUGUSTO FERREIRINHA,853,MUNICIPAL,PREFEITURA,PREFEITURA,NAO DISPONIVEL,NAO DISPONIVEL,DUPLA,BOM,NOITE (VIA ILUMINADA),ÚNICA,VIA NÃO SINALIZADA,PLANO,SECA,ASFALTO,DUPLA,RETA,0,0,0,0,1,0,0,0,0,0,1,0,0,0,NÃO,NÃO,NÃO,SIM,NÃO,Vias Municipais,0,0,0,1,0,NOITE DE TERÇA,-23.62306,-46.55111
778915,2020-03-09,9,MARÇO,2020,2020.03,SEGUNDA,01:08,MADRUGADA,SAO CAETANO DO SUL,Metropolitana de São Paulo,RUA LUIS FIOROTI,NAO DISPONIVEL,MUNICIPAL,PREFEITURA,PREFEITURA,NAO DISPONIVEL,NAO DISPONIVEL,NAO DISPONIVEL,NAO DISPONIVEL,NAO DISPONIVEL,NAO DISPONIVEL,NAO DISPONIVEL,NAO DISPONIVEL,NAO DISPONIVEL,NAO DISPONIVEL,NAO DISPONIVEL,NAO DISPONIVEL,0,0,0,0,0,0,1,0,0,0,0,0,0,1,NÃO,SIM,NÃO,NÃO,NÃO,Vias Municipais,0,0,0,0,0,MADRUGADA DE SEGUNDA,-23.62306,-46.55111
797591,2020-03-09,9,MARÇO,2020,2020.03,SEGUNDA,17:25,TARDE,SAO CAETANO DO SUL,Metropolitana de São Paulo,AVENIDA LEMOS MONTEIRO,23,MUNICIPAL,PREFEITURA,PREFEITURA,"-23,6244708245579","-46,5578062860899",MÚLTIPLA,BOM,LUZ SOLAR,DUPLA,NAO DISPONIVEL,PLANO,SECA,ASFALTO,MULTIPLA,RETA,0,0,1,0,0,0,0,0,0,3,1,0,0,0,NÃO,NÃO,NÃO,SIM,NÃO,Vias Municipais,0,0,1,0,0,TARDE DE SEGUNDA,-23.6244708245579,-46.5578062860899
815462,2020-03-09,9,MARÇO,2020,2020.03,SEGUNDA,17:02,TARDE,SAO CAETANO DO SUL,Metropolitana de São Paulo,RUA MANOEL COELHO,460,MUNICIPAL,PREFEITURA,PREFEITURA,"-23,613861318","-46,5724055592439",NAO DISPONIVEL,NAO DISPONIVEL,NAO DISPONIVEL,NAO DISPONIVEL,NAO DISPONIVEL,NAO DISPONIVEL,NAO DISPONIVEL,NAO DISPONIVEL,NAO DISPONIVEL,NAO DISPONIVEL,0,0,0,0,0,0,1,0,0,0,0,0,0,1,SIM,NÃO,NÃO,NÃO,NÃO,Vias Municipais,0,0,0,0,0,TARDE DE SEGUNDA,-23.613861318,-46.5724055592439
823864,2020-03-09,9,MARÇO,2020,2020.03,SEGUNDA,18:25,NOITE,SAO CAETANO DO SUL,Metropolitana de São Paulo,AVENIDA PRESIDENTE KENEDY,3126,MUNICIPAL,PREFEITURA,PREFEITURA,"-23,6222373156716","-46,5565531051305",NAO DISPONIVEL,NAO DISPONIVEL,NAO DISPONIVEL,NAO DISPONIVEL,NAO DISPONIVEL,NAO DISPONIVEL,NAO DISPONIVEL,NAO DISPONIVEL,NAO DISPONIVEL,NAO DISPONIVEL,0,0,0,0,0,0,1,0,0,0,0,0,0,1,NÃO,NÃO,NÃO,SIM,NÃO,Vias Municipais,0,0,0,0,0,NOITE DE SEGUNDA,-23.6222373156716,-46.5565531051305
788898,2020-03-08,8,MARÇO,2020,2020.03,DOMINGO,05:58,MADRUGADA,SAO CAETANO DO SUL,Metropolitana de São Paulo,AVENIDA DO ESTADO  DIVISA SANTO ANDRE,2950,MUNICIPAL,PREFEITURA,PREFEITURA,NAO DISPONIVEL,NAO DISPONIVEL,SIMPLES,BOM,LUZ SOLAR,ÚNICA,VIA NÃO SINALIZADA,PLANO,SECA,ASFALTO,SIMPLES,RETA,0,0,1,0,0,0,0,0,0,0,2,0,0,0,NÃO,NÃO,NÃO,SIM,NÃO,Vias Municipais,0,0,1,0,0,MADRUGADA DE DOMINGO,-23.62306,-46.55111
799724,2020-03-08,8,MARÇO,2020,2020.03,DOMINGO,11:06,MANHA,SAO CAETANO DO SUL,Metropolitana de São Paulo,AVENIDA GOIAS,100,MUNICIPAL,PREFEITURA,PREFEITURA,"-23,6219003499761","-46,5493794552857",MÚLTIPLA,BOM,LUZ SOLAR,DUPLA,NAO DISPONIVEL,INCLINADO,SECA,ASFALTO,MULTIPLA,RETA,1,0,0,0,0,0,0,0,0,0,2,0,0,0,NÃO,NÃO,NÃO,SIM,NÃO,Vias Municipais,1,0,0,0,0,MANHA DE DOMINGO,-23.6219003499761,-46.5493794552857
792080,2020-03-08,8,MARÇO,2020,2020.03,DOMINGO,07:00,MANHA,SAO CAETANO DO SUL,Metropolitana de São Paulo,ACESSO AVENIDA DO ESTADO,2950,MUNICIPAL,PREFEITURA,PREFEITURA,"-23,6120356","-46,555989",NAO DISPONIVEL,NAO DISPONIVEL,NAO DISPONIVEL,NAO DISPONIVEL,NAO DISPONIVEL,NAO DISPONIVEL,NAO DISPONIVEL,NAO DISPONIVEL,NAO DISPONIVEL,NAO DISPONIVEL,0,0,0,0,0,0,1,0,0,0,0,0,0,1,NÃO,SIM,NÃO,NÃO,NÃO,Vias Municipais,0,0,0,0,0,MANHA DE DOMINGO,-23.6120356,-46.555989
816041,2020-03-08,8,MARÇO,2020,2020.03,DOMINGO,23:14,NOITE,SAO CAETANO DO SUL,Metropolitana de São Paulo,AVENIDA PRESIDENTE KENEDY,NAO DISPONIVEL,MUNICIPAL,PREFEITURA,PREFEITURA,"-23,636542123","-46,558838973",NAO DISPONIVEL,NAO DISPONIVEL,NAO DISPONIVEL,NAO DISPONIVEL,NAO DISPONIVEL,NAO DISPONIVEL,NAO DISPONIVEL,NAO DISPONIVEL,NAO DISPONIVEL,NAO DISPONIVEL,0,0,0,0,0,0,1,0,0,0,0,0,0,0,NÃO,NÃO,NÃO,SIM,NÃO,Vias Municipais,0,0,0,0,0,NOITE DE DOMINGO,-23.636542123,-46.558838973
812073,2020-03-07,7,MARÇO,2020,2020.03,SÁBADO,19:13,NOITE,SAO CAETANO DO SUL,Metropolitana de São Paulo,RUA SOLIMOES,NAO DISPONIVEL,MUNICIPAL,PREFEITURA,PREFEITURA,"-23,629677257","-46,556510901",DUPLA,BOM,NOITE (VIA ILUMINADA),DUPLA,VIA SINALIZADA,INCLINADO,SECA,ASFALTO,DUPLA,CRUZAMENTO,0,0,1,0,1,0,0,0,0,1,1,0,0,0,NÃO,NÃO,NÃO,SIM,NÃO,Vias Municipais,0,0,1,0,0,NOITE DE SÁBADO,-23.629677257,-46.556510901
810683,2020-03-07,7,MARÇO,2020,2020.03,SÁBADO,10:58,MANHA,SAO CAETANO DO SUL,Metropolitana de São Paulo,ACESSO AVENIDA DO ESTADO,10,MUNICIPAL,PREFEITURA,PREFEITURA,"-23,6097304099999","-46,553391198",NAO DISPONIVEL,NAO DISPONIVEL,NAO DISPONIVEL,NAO DISPONIVEL,NAO DISPONIVEL,NAO DISPONIVEL,NAO DISPONIVEL,NAO DISPONIVEL,NAO DISPONIVEL,NAO DISPONIVEL,0,0,0,0,0,0,1,0,0,0,0,0,0,1,NÃO,NÃO,NÃO,SIM,NÃO,Vias Municipais,0,0,0,0,0,MANHA DE SÁBADO,-23.6097304099999,-46.553391198
798294,2020-03-06,6,MARÇO,2020,2020.03,SEXTA,14:37,TARDE,SAO CAETANO DO SUL,Metropolitana de São Paulo,RUA SANTA CATARINA,1,MUNICIPAL,PREFEITURA,PREFEITURA,"-23,613508359","-46,571853414",NAO DISPONIVEL,NAO DISPONIVEL,NAO DISPONIVEL,NAO DISPONIVEL,NAO DISPONIVEL,NAO DISPONIVEL,NAO DISPONIVEL,NAO DISPONIVEL,NAO DISPONIVEL,NAO DISPONIVEL,0,0,0,0,0,0,1,0,0,0,0,0,0,1,NÃO,NÃO,NÃO,SIM,NÃO,Vias Municipais,0,0,0,0,0,TARDE DE SEXTA,-23.613508359,-46.571853414
822134,2020-03-06,6,MARÇO,2020,2020.03,SEXTA,15:06,TARDE,SAO CAETANO DO SUL,Metropolitana de São Paulo,RUA VISCONDE DE INHAUMA,498,MUNICIPAL,PREFEITURA,PREFEITURA,"-23,6329696115761","-46,5648441403238",SIMPLES,BOM,LUZ SOLAR,DUPLA,NAO DISPONIVEL,PLANO,SECA,ASFALTO,SIMPLES,CRUZAMENTO,0,0,1,0,1,0,0,0,0,2,1,0,0,0,NÃO,NÃO,NÃO,SIM,NÃO,Vias Municipais,0,0,1,0,0,TARDE DE SEXTA,-23.6329696115761,-46.5648441403238
781253,2020-03-05,5,MARÇO,2020,2020.03,QUINTA,06:46,MANHA,SAO CAETANO DO SUL,Metropolitana de São Paulo,AVENIDA GUIDO ALIBERTI,1111,MUNICIPAL,PREFEITURA,PREFEITURA,"-23,62174174225","-46,5817490004999",MÚLTIPLA,BOM,LUZ SOLAR,ÚNICA,NAO DISPONIVEL,PLANO,SECA,ASFALTO,MULTIPLA,RETA,0,0,1,0,1,0,0,0,0,1,2,0,0,0,NÃO,NÃO,NÃO,SIM,NÃO,Vias Municipais,0,0,1,0,0,MANHA DE QUINTA,-23.62174174225,-46.5817490004999
795456,2020-03-03,3,MARÇO,2020,2020.03,TERÇA,18:05,NOITE,SAO CAETANO DO SUL,Metropolitana de São Paulo,AVENIDA PRESIDENTE WILSON,1,MUNICIPAL,PREFEITURA,PREFEITURA,NAO DISPONIVEL,NAO DISPONIVEL,NAO DISPONIVEL,NAO DISPONIVEL,NAO DISPONIVEL,NAO DISPONIVEL,NAO DISPONIVEL,NAO DISPONIVEL,NAO DISPONIVEL,NAO DISPONIVEL,NAO DISPONIVEL,NAO DISPONIVEL,0,0,0,0,0,0,1,0,0,0,0,0,0,1,NÃO,NÃO,NÃO,SIM,NÃO,Vias Municipais,0,0,0,0,0,NOITE DE TERÇA,-23.62306,-46.55111
796760,2020-03-01,1,MARÇO,2020,2020.03,DOMINGO,10:17,MANHA,SAO CAETANO DO SUL,Metropolitana de São Paulo,RUA RIO DE JANEIRO,1113,MUNICIPAL,PREFEITURA,PREFEITURA,"-23,6229899791996","-46,5682988813391",DUPLA,BOM,LUZ SOLAR,DUPLA,NAO DISPONIVEL,INCLINADO,MOLHADA,ASFALTO,DUPLA,RETA,0,0,1,0,0,0,0,0,0,1,1,0,0,0,NÃO,NÃO,NÃO,SIM,NÃO,Vias Municipais,0,0,1,0,0,MANHA DE DOMINGO,-23.6229899791996,-46.5682988813391
749974,2020-02-28,28,FEVEREIRO,2020,2020.02,SEXTA,16:55,TARDE,SAO CAETANO DO SUL,Metropolitana de São Paulo,RUA NELLY PELEGRINO,697,MUNICIPAL,PREFEITURA,PREFEITURA,"-23,6394465974","-46,57065570952",DUPLA,CHUVA,LUZ SOLAR,ÚNICA,NAO DISPONIVEL,INCLINADO,MOLHADA,ASFALTO,DUPLA,RETA,0,0,1,0,1,0,0,0,0,1,1,0,0,0,NÃO,NÃO,NÃO,SIM,NÃO,Vias Municipais,0,0,1,0,0,TARDE DE SEXTA,-23.6394465974,-46.57065570952
765151,2020-02-27,27,FEVEREIRO,2020,2020.02,QUINTA,11:04,MANHA,SAO CAETANO DO SUL,Metropolitana de São Paulo,AVENIDA PARAISO,1036,MUNICIPAL,PREFEITURA,PREFEITURA,"-23,6331932964285","-46,5700063262857",DUPLA,BOM,LUZ SOLAR,DUPLA,NAO DISPONIVEL,PLANO,SECA,ASFALTO,DUPLA,RETA,0,0,1,0,1,0,0,0,1,3,0,0,0,0,NÃO,NÃO,NÃO,SIM,NÃO,Vias Municipais,0,0,1,0,0,MANHA DE QUINTA,-23.6331932964285,-46.5700063262857
765993,2020-02-22,22,FEVEREIRO,2020,2020.02,SÁBADO,23:30,NOITE,SAO CAETANO DO SUL,Metropolitana de São Paulo,AVENIDA PRESIDENTE KENEDY,650,MUNICIPAL,PREFEITURA,PREFEITURA,"-23,6254449391818","-46,5574441528181",NAO DISPONIVEL,NAO DISPONIVEL,NAO DISPONIVEL,NAO DISPONIVEL,NAO DISPONIVEL,NAO DISPONIVEL,NAO DISPONIVEL,NAO DISPONIVEL,NAO DISPONIVEL,NAO DISPONIVEL,0,0,0,0,0,0,1,0,0,0,0,0,0,1,NÃO,NÃO,NÃO,SIM,NÃO,Vias Municipais,0,0,0,0,0,NOITE DE SÁBADO,-23.6254449391818,-46.5574441528181
751410,2020-02-20,20,FEVEREIRO,2020,2020.02,QUINTA,18:36,NOITE,SAO CAETANO DO SUL,Metropolitana de São Paulo,RUA MACHADO DE ASSIS,151,MUNICIPAL,PREFEITURA,PREFEITURA,"-23,619892929297","-46,5765165684554",NAO DISPONIVEL,NAO DISPONIVEL,NAO DISPONIVEL,NAO DISPONIVEL,NAO DISPONIVEL,NAO DISPONIVEL,NAO DISPONIVEL,NAO DISPONIVEL,NAO DISPONIVEL,NAO DISPONIVEL,0,0,0,0,0,0,1,0,0,0,0,0,0,1,NÃO,NÃO,NÃO,SIM,NÃO,Vias Municipais,0,0,0,0,0,NOITE DE QUINTA,-23.619892929297,-46.5765165684554
740922,2020-02-19,19,FEVEREIRO,2020,2020.02,QUARTA,14:54,TARDE,SAO CAETANO DO SUL,Metropolitana de São Paulo,RUA MARIANO PAMPLONA,141,MUNICIPAL,PREFEITURA,PREFEITURA,"-23,6039622213481","-46,5767146594842",DUPLA,BOM,LUZ SOLAR,DUPLA,NAO DISPONIVEL,PLANO,SECA,ASFALTO,DUPLA,RETA,0,0,1,0,1,1,0,0,0,1,1,0,0,0,NÃO,NÃO,NÃO,SIM,NÃO,Vias Municipais,0,0,1,0,0,TARDE DE QUARTA,-23.6039622213481,-46.5767146594842
743242,2020-02-18,18,FEVEREIRO,2020,2020.02,TERÇA,15:09,TARDE,SAO CAETANO DO SUL,Metropolitana de São Paulo,RUA JOAO MOLINARI,100,MUNICIPAL,PREFEITURA,PREFEITURA,"-23,6399892014719","-46,5604720881411",NAO DISPONIVEL,NAO DISPONIVEL,NAO DISPONIVEL,NAO DISPONIVEL,NAO DISPONIVEL,NAO DISPONIVEL,NAO DISPONIVEL,NAO DISPONIVEL,NAO DISPONIVEL,NAO DISPONIVEL,0,0,0,0,0,0,1,0,0,0,0,0,0,1,NÃO,NÃO,NÃO,SIM,NÃO,Vias Municipais,0,0,0,0,0,TARDE DE TERÇA,-23.6399892014719,-46.5604720881411
739231,2020-02-18,18,FEVEREIRO,2020,2020.02,TERÇA,14:54,TARDE,SAO CAETANO DO SUL,Metropolitana de São Paulo,RUA JOANA ANGELICA,83,MUNICIPAL,PREFEITURA,PREFEITURA,"-23,6285152222821","-46,5525496061524",MÚLTIPLA,BOM,LUZ SOLAR,ÚNICA,NAO DISPONIVEL,PLANO,SECA,ASFALTO,MULTIPLA,RETA,0,0,0,0,1,0,0,0,0,0,1,0,0,0,NÃO,NÃO,NÃO,SIM,NÃO,Vias Municipais,0,0,0,1,0,TARDE DE TERÇA,-23.6285152222821,-46.5525496061524
747930,2020-02-16,16,FEVEREIRO,2020,2020.02,DOMINGO,09:52,MANHA,SAO CAETANO DO SUL,Metropolitana de São Paulo,RUA MANOEL AUGUSTO FERREIRINHA,267,MUNICIPAL,PREFEITURA,PREFEITURA,"-23,6385746745185","-46,5617951543333",NAO DISPONIVEL,NAO DISPONIVEL,NAO DISPONIVEL,NAO DISPONIVEL,NAO DISPONIVEL,NAO DISPONIVEL,NAO DISPONIVEL,NAO DISPONIVEL,NAO DISPONIVEL,NAO DISPONIVEL,0,0,0,0,0,0,1,0,0,0,0,0,0,1,NÃO,SIM,NÃO,NÃO,NÃO,Vias Municipais,0,0,0,0,0,MANHA DE DOMINGO,-23.6385746745185,-46.5617951543333
752869,2020-02-14,14,FEVEREIRO,2020,2020.02,SEXTA,16:56,TARDE,SAO CAETANO DO SUL,Metropolitana de São Paulo,RUA MARANHAO,746,MUNICIPAL,PREFEITURA,PREFEITURA,"-23,6210223678298","-46,5634073222979",NAO DISPONIVEL,NAO DISPONIVEL,NAO DISPONIVEL,NAO DISPONIVEL,NAO DISPONIVEL,NAO DISPONIVEL,NAO DISPONIVEL,NAO DISPONIVEL,NAO DISPONIVEL,NAO DISPONIVEL,0,0,0,0,0,0,1,0,0,0,0,0,0,1,NÃO,NÃO,NÃO,SIM,NÃO,Vias Municipais,0,0,0,0,0,TARDE DE SEXTA,-23.6210223678298,-46.5634073222979
741695,2020-02-12,12,FEVEREIRO,2020,2020.02,QUARTA,14:24,TARDE,SAO CAETANO DO SUL,Metropolitana de São Paulo,RUA VINTE E OITO DE JULHO,231,MUNICIPAL,PREFEITURA,PREFEITURA,"-23,6052861839677","-46,5726341214232",DUPLA,BOM,LUZ SOLAR,DUPLA,NAO DISPONIVEL,PLANO,SECA,ASFALTO,DUPLA,RETA,0,0,1,0,1,0,0,0,0,1,1,0,0,0,NÃO,NÃO,NÃO,SIM,NÃO,Vias Municipais,0,0,1,0,0,TARDE DE QUARTA,-23.6052861839677,-46.5726341214232
770693,2020-02-08,8,FEVEREIRO,2020,2020.02,SÁBADO,14:26,TARDE,SAO CAETANO DO SUL,Metropolitana de São Paulo,AVENIDA GOIAS,184,MUNICIPAL,PREFEITURA,PREFEITURA,"-23,6229783133448","-46,5486048464137",SIMPLES,BOM,LUZ SOLAR,ÚNICA,NAO DISPONIVEL,INCLINADO,SECA,ASFALTO,SIMPLES,CURVA,1,1,0,0,0,0,0,0,0,1,1,0,0,0,NÃO,NÃO,NÃO,SIM,NÃO,Vias Municipais,0,0,1,0,0,TARDE DE SÁBADO,-23.6229783133448,-46.5486048464137
766539,2020-02-08,8,FEVEREIRO,2020,2020.02,SÁBADO,21:46,NOITE,SAO CAETANO DO SUL,Metropolitana de São Paulo,AVENIDA PRESIDENTE KENEDY,1421,MUNICIPAL,PREFEITURA,PREFEITURA,"-23,6322900199268","-46,5569684622195",SIMPLES,BOM,NOITE (VIA ILUMINADA),ÚNICA,NAO DISPONIVEL,PLANO,SECA,ASFALTO,SIMPLES,RETA,0,0,1,0,0,0,0,1,0,1,0,0,0,0,NÃO,NÃO,NÃO,SIM,NÃO,Vias Municipais,1,0,0,0,0,NOITE DE SÁBADO,-23.6322900199268,-46.5569684622195
778082,2020-02-08,8,FEVEREIRO,2020,2020.02,SÁBADO,23:41,NOITE,SAO CAETANO DO SUL,Metropolitana de São Paulo,AVENIDA LAURO GOMES,5000,MUNICIPAL,PREFEITURA,PREFEITURA,"-23,608585300066","-46,5795704843104",DUPLA,BOM,NOITE (VIA ILUMINADA),DUPLA,NAO DISPONIVEL,PLANO,ENLAMEADA,ASFALTO,DUPLA,RETA,0,0,0,0,1,0,0,0,0,0,0,0,0,0,NÃO,NÃO,NÃO,SIM,NÃO,Vias Municipais,0,0,0,1,0,NOITE DE SÁBADO,-23.608585300066,-46.5795704843104
763317,2020-02-07,7,FEVEREIRO,2020,2020.02,SEXTA,21:22,NOITE,SAO CAETANO DO SUL,Metropolitana de São Paulo,ALAMEDA CASSAQUERA,813,MUNICIPAL,PREFEITURA,PREFEITURA,"-23,6257129055063","-46,5549804881212",SIMPLES,BOM,NOITE (VIA ILUMINADA),ÚNICA,NAO DISPONIVEL,PLANO,SECA,ASFALTO,SIMPLES,RETA,0,0,1,0,0,0,0,0,0,3,1,0,0,0,NÃO,NÃO,NÃO,SIM,NÃO,Vias Municipais,0,0,1,0,0,NOITE DE SEXTA,-23.6257129055063,-46.5549804881212
739994,2020-02-06,6,FEVEREIRO,2020,2020.02,QUINTA,14:27,TARDE,SAO CAETANO DO SUL,Metropolitana de São Paulo,RUA NELI PELEGRINO,10,MUNICIPAL,PREFEITURA,PREFEITURA,"-23,6395495970104","-46,5639455004902",SIMPLES,BOM,LUZ SOLAR,ÚNICA,NAO DISPONIVEL,INCLINADO,SECA,ASFALTO,SIMPLES,RETA,0,0,0,0,1,0,0,0,0,1,1,0,0,0,NÃO,NÃO,NÃO,SIM,NÃO,Vias Municipais,0,0,0,1,0,TARDE DE QUINTA,-23.6395495970104,-46.5639455004902
743448,2020-02-06,6,FEVEREIRO,2020,2020.02,QUINTA,15:06,TARDE,SAO CAETANO DO SUL,Metropolitana de São Paulo,RUA MARANGUA,283,MUNICIPAL,PREFEITURA,PREFEITURA,"-23,6252116520155","-46,56348394401",NAO DISPONIVEL,NAO DISPONIVEL,NAO DISPONIVEL,NAO DISPONIVEL,NAO DISPONIVEL,NAO DISPONIVEL,NAO DISPONIVEL,NAO DISPONIVEL,NAO DISPONIVEL,NAO DISPONIVEL,0,0,1,0,0,0,0,0,0,0,0,0,0,1,NÃO,NÃO,NÃO,SIM,NÃO,Vias Municipais,0,0,0,0,0,TARDE DE QUINTA,-23.6252116520155,-46.56348394401
737459,2020-02-04,4,FEVEREIRO,2020,2020.02,TERÇA,13:13,TARDE,SAO CAETANO DO SUL,Metropolitana de São Paulo,AVENIDA PRESIDENTE KENEDY,2000,MUNICIPAL,PREFEITURA,PREFEITURA,"-23,6372474966712","-46,5587858472876",NAO DISPONIVEL,NAO DISPONIVEL,NAO DISPONIVEL,NAO DISPONIVEL,NAO DISPONIVEL,NAO DISPONIVEL,NAO DISPONIVEL,NAO DISPONIVEL,NAO DISPONIVEL,NAO DISPONIVEL,0,0,0,0,0,0,1,0,0,0,0,0,0,1,NÃO,NÃO,NÃO,SIM,NÃO,Vias Municipais,0,0,0,0,0,TARDE DE TERÇA,-23.6372474966712,-46.5587858472876
749639,2020-02-02,2,FEVEREIRO,2020,2020.02,DOMINGO,12:47,TARDE,SAO CAETANO DO SUL,Metropolitana de São Paulo,RUA SAO FRANCISCO,NAO DISPONIVEL,MUNICIPAL,PREFEITURA,PREFEITURA,"-23,616914696","-46,576734395",MÚLTIPLA,BOM,LUZ SOLAR,ÚNICA,NAO DISPONIVEL,PLANO,SECA,ASFALTO,MULTIPLA,RETA,1,0,0,0,0,0,0,0,0,1,0,0,0,0,NÃO,NÃO,NÃO,SIM,NÃO,Vias Municipais,0,0,1,0,0,TARDE DE DOMINGO,-23.616914696,-46.576734395