ID,Data do Acidente,Dia do Acidente,Mês do Acidente,Ano do Acidente,Ano/Mês do Acidente,Dia da Semana,Hora do Acidente,Turno,Município,Região Administrativa,Logradouro,Numero/KM,Jurisdição,Administração,Conservação,LAT_(GEO),LONG_(GEO),Condições da pista,Condições Climáticas,Iluminação,Mão de direção,Obras na pista,Relevo,Superfície da via,Tipo de pavimento,Tipo de pista,Traçado,Veículos Envolvidos - Bicicleta,Veículos Envolvidos - Caminhão,Veículos Envolvidos - Automóvel,Veículos Envolvidos - Outros,Veículos Envolvidos - Motocicleta,Veículos Envolvidos - Ônibus,Veículos Envolvidos - ND,Veículos Envolvidos - Pedestre,Pessoas Envolvidas - Grave,Pessoas Envolvidas - Ileso,Pessoas Envolvidas - Leve,Pessoas Envolvidas - Fatal,Pessoas Envolvidas - Feridos,Pessoas Envolvidas - ND,Serviço de Atendimento - Bombeiro,Serviço de Atendimento - PMRV,Serviço de Atendimento - PRF,Serviço de Atendimento - Radio Patrulha,Servciço de Atendimento - CPTRAN,Tipo de Via,Tipo de Acidente - Atropelamento,Tipo de Acidente - Choque,Tipo de Acidente - Colisão,Tipo de Acidente - Outros tipos de Acidente,Tipo de Acidente - ND,Turno + Dia de Semana,latitude,longitude
752693,2020-02-01,1,FEVEREIRO,2020,2020.02,SÁBADO,15:50,TARDE,SAO CAETANO DO SUL,Metropolitana de São Paulo,RUA VINTE E OITO DE JULHO,77,MUNICIPAL,PREFEITURA,PREFEITURA,"-23,6053033101","-46,57111974705",NAO DISPONIVEL,NAO DISPONIVEL,NAO DISPONIVEL,NAO DISPONIVEL,NAO DISPONIVEL,NAO DISPONIVEL,NAO DISPONIVEL,NAO DISPONIVEL,NAO DISPONIVEL,NAO DISPONIVEL,0,0,0,0,0,0,1,0,0,0,0,0,0,1,NÃO,NÃO,NÃO,SIM,NÃO,Vias Municipais,0,0,0,0,0,TARDE DE SÁBADO,-23.6053033101,-46.57111974705
775884,2020-02-01,1,FEVEREIRO,2020,2020.02,SÁBADO,15:51,TARDE,SAO CAETANO DO SUL,Metropolitana de São Paulo,RUA RIO BRANCO,NAO DISPONIVEL,MUNICIPAL,PREFEITURA,PREFEITURA,"-23,6052661589999","-46,574619146",NAO DISPONIVEL,NAO DISPONIVEL,NAO DISPONIVEL,NAO DISPONIVEL,NAO DISPONIVEL,NAO DISPONIVEL,NAO DISPONIVEL,NAO DISPONIVEL,NAO DISPONIVEL,NAO DISPONIVEL,0,0,0,0,0,0,1,0,0,0,0,0,0,1,NÃO,NÃO,NÃO,SIM,NÃO,Vias Municipais,0,0,0,0,0,TARDE DE SÁBADO,-23.6052661589999,-46.574619146
734979,2020-02-01,1,FEVEREIRO,2020,2020.02,SÁBADO,05:34,MADRUGADA,SAO CAETANO DO SUL,Metropolitana de São Paulo,ACESSO AVENIDA DO ESTADO,261,MUNICIPAL,PREFEITURA,PREFEITURA,NAO DISPONIVEL,NAO DISPONIVEL,NAO DISPONIVEL,NAO DISPONIVEL,NAO DISPONIVEL,NAO DISPONIVEL,NAO DISPONIVEL,NAO DISPONIVEL,NAO DISPONIVEL,NAO DISPONIVEL,NAO DISPONIVEL,NAO DISPONIVEL,0,0,0,0,0,0,1,0,0,0,0,0,0,1,SIM,NÃO,NÃO,NÃO,NÃO,Vias Municipais,0,0,0,0,0,MADRUGADA DE SÁBADO,-23.62306,-46.55111
722586,2020-01-31,31,JANEIRO,2020,2020.01,SEXTA,15:50,TARDE,SAO CAETANO DO SUL,Metropolitana de São Paulo,RUA SANTOS DUMONT,NAO DISPONIVEL,MUNICIPAL,PREFEITURA,PREFEITURA,NAO DISPONIVEL,NAO DISPONIVEL,NAO DISPONIVEL,NAO DISPONIVEL,NAO DISPONIVEL,NAO DISPONIVEL,NAO DISPONIVEL,NAO DISPONIVEL,NAO DISPONIVEL,NAO DISPONIVEL,NAO DISPONIVEL,NAO DISPONIVEL,0,0,0,0,0,0,1,0,0,0,0,0,0,1,NÃO,SIM,NÃO,NÃO,NÃO,Vias Municipais,0,0,0,0,0,TARDE DE SEXTA,-23.62306,-46.55111
1006642,2020-01-31,31,JANEIRO,2020,2020.01,SEXTA,17:36,TARDE,SAO CAETANO DO SUL,Metropolitana de São Paulo,AVENIDA CONDE FRANCISCO MATARAZZO,838,MUNICIPAL,PREFEITURA,PREFEITURA,"-23,6053511","-46,569495",NAO DISPONIVEL,NAO DISPONIVEL,NAO DISPONIVEL,NAO DISPONIVEL,NAO DISPONIVEL,NAO DISPONIVEL,NAO DISPONIVEL,NAO DISPONIVEL,NAO DISPONIVEL,NAO DISPONIVEL,0,0,1,0,1,0,0,0,0,0,0,0,0,0,SIM,NÃO,NÃO,NÃO,NÃO,Vias Municipais,0,0,0,0,0,TARDE DE SEXTA,-23.6053511,-46.569495
722768,2020-01-30,30,JANEIRO,2020,2020.01,QUINTA,18:15,NOITE,SAO CAETANO DO SUL,Metropolitana de São Paulo,RUA NOSSA SENHORA DE FATIMA,89,MUNICIPAL,PREFEITURA,PREFEITURA,"-23,6198261639999","-46,5657291954",SIMPLES,CHUVA,NOITE (VIA ILUMINADA),ÚNICA,NAO DISPONIVEL,PLANO,MOLHADA,ASFALTO,SIMPLES,RETA,0,0,1,0,0,0,0,1,0,2,1,0,0,0,NÃO,NÃO,NÃO,SIM,NÃO,Vias Municipais,1,0,0,0,0,NOITE DE QUINTA,-23.6198261639999,-46.5657291954
721188,2020-01-30,30,JANEIRO,2020,2020.01,QUINTA,09:28,MANHA,SAO CAETANO DO SUL,Metropolitana de São Paulo,AVENIDA PRESIDENTE WILSON,6352,MUNICIPAL,PREFEITURA,PREFEITURA,NAO DISPONIVEL,NAO DISPONIVEL,NAO DISPONIVEL,NAO DISPONIVEL,NAO DISPONIVEL,NAO DISPONIVEL,NAO DISPONIVEL,NAO DISPONIVEL,NAO DISPONIVEL,NAO DISPONIVEL,NAO DISPONIVEL,NAO DISPONIVEL,0,0,0,0,0,0,1,0,0,0,0,0,0,1,NÃO,NÃO,NÃO,SIM,NÃO,Vias Municipais,0,0,0,0,0,MANHA DE QUINTA,-23.62306,-46.55111
718978,2020-01-28,28,JANEIRO,2020,2020.01,TERÇA,19:38,NOITE,SAO CAETANO DO SUL,Metropolitana de São Paulo,RUA BARALDI,525,MUNICIPAL,PREFEITURA,PREFEITURA,"-23,6131992247169","-46,574461610132",NAO DISPONIVEL,NAO DISPONIVEL,NAO DISPONIVEL,NAO DISPONIVEL,NAO DISPONIVEL,NAO DISPONIVEL,NAO DISPONIVEL,NAO DISPONIVEL,NAO DISPONIVEL,NAO DISPONIVEL,0,0,0,0,0,0,1,0,0,0,0,0,0,1,NÃO,NÃO,NÃO,SIM,NÃO,Vias Municipais,0,0,0,0,0,NOITE DE TERÇA,-23.6131992247169,-46.574461610132
712899,2020-01-25,25,JANEIRO,2020,2020.01,SÁBADO,13:17,TARDE,SAO CAETANO DO SUL,Metropolitana de São Paulo,RUA MONTE ALEGRE,271,MUNICIPAL,PREFEITURA,PREFEITURA,"-23,6181294188261","-46,572111480826",NAO DISPONIVEL,NAO DISPONIVEL,NAO DISPONIVEL,NAO DISPONIVEL,NAO DISPONIVEL,NAO DISPONIVEL,NAO DISPONIVEL,NAO DISPONIVEL,NAO DISPONIVEL,NAO DISPONIVEL,0,0,0,0,0,0,1,0,0,0,0,0,0,1,NÃO,NÃO,NÃO,SIM,NÃO,Vias Municipais,0,0,0,0,0,TARDE DE SÁBADO,-23.6181294188261,-46.572111480826
714533,2020-01-25,25,JANEIRO,2020,2020.01,SÁBADO,19:26,NOITE,SAO CAETANO DO SUL,Metropolitana de São Paulo,RUA OSVALDO CRUZ,2062,MUNICIPAL,PREFEITURA,PREFEITURA,"-23,6349709418235","-46,5670941641176",SIMPLES,BOM,NOITE (VIA ILUMINADA),DUPLA,NAO DISPONIVEL,INCLINADO,SECA,ASFALTO,SIMPLES,CRUZAMENTO,0,0,0,0,1,0,0,1,0,1,1,0,0,0,NÃO,NÃO,NÃO,SIM,NÃO,Vias Municipais,1,0,0,0,0,NOITE DE SÁBADO,-23.6349709418235,-46.5670941641176
712884,2020-01-25,25,JANEIRO,2020,2020.01,SÁBADO,10:00,MANHA,SAO CAETANO DO SUL,Metropolitana de São Paulo,AVENIDA LEMOS MONTEIRO,500,MUNICIPAL,PREFEITURA,PREFEITURA,"-23,6245266559999","-46,5624820701999",DUPLA,BOM,LUZ SOLAR,DUPLA,NAO DISPONIVEL,PLANO,SECA,ASFALTO,DUPLA,RETA,0,0,1,0,0,0,0,0,0,2,0,0,0,0,SIM,NÃO,NÃO,NÃO,NÃO,Vias Municipais,0,0,1,0,0,MANHA DE SÁBADO,-23.6245266559999,-46.5624820701999
722974,2020-01-25,25,JANEIRO,2020,2020.01,SÁBADO,12:52,TARDE,SAO CAETANO DO SUL,Metropolitana de São Paulo,RUA CASEMIRO DE ABREU,NAO DISPONIVEL,MUNICIPAL,PREFEITURA,PREFEITURA,"-23,6257162209999","-46,5709873669999",SIMPLES,BOM,LUZ SOLAR,DUPLA,NAO DISPONIVEL,INCLINADO,SECA,ASFALTO,SIMPLES,CRUZAMENTO,0,1,1,1,0,0,0,0,0,2,0,0,0,0,NÃO,NÃO,NÃO,SIM,NÃO,Vias Municipais,0,0,1,0,0,TARDE DE SÁBADO,-23.6257162209999,-46.5709873669999
1005285,2020-01-25,25,JANEIRO,2020,2020.01,SÁBADO,01:19,MADRUGADA,SAO CAETANO DO SUL,Metropolitana de São Paulo,RUA ALEGRE,574,MUNICIPAL,PREFEITURA,PREFEITURA,"-23,6267","-46,5486",NAO DISPONIVEL,NAO DISPONIVEL,NAO DISPONIVEL,NAO DISPONIVEL,NAO DISPONIVEL,NAO DISPONIVEL,NAO DISPONIVEL,NAO DISPONIVEL,NAO DISPONIVEL,NAO DISPONIVEL,0,0,1,0,0,0,0,0,0,0,0,0,0,0,SIM,NÃO,NÃO,NÃO,NÃO,Vias Municipais,0,0,0,0,0,MADRUGADA DE SÁBADO,-23.6267,-46.5486
710802,2020-01-23,23,JANEIRO,2020,2020.01,QUINTA,20:20,NOITE,SAO CAETANO DO SUL,Metropolitana de São Paulo,AVENIDA GOIAS,2101,MUNICIPAL,PREFEITURA,PREFEITURA,"-23,616203","-46,5557227",NAO DISPONIVEL,NAO DISPONIVEL,NAO DISPONIVEL,NAO DISPONIVEL,NAO DISPONIVEL,NAO DISPONIVEL,NAO DISPONIVEL,NAO DISPONIVEL,NAO DISPONIVEL,NAO DISPONIVEL,0,0,0,0,0,0,1,0,0,0,0,0,0,1,NÃO,NÃO,NÃO,SIM,NÃO,Vias Municipais,0,0,0,0,0,NOITE DE QUINTA,-23.616203,-46.5557227
707634,2020-01-22,22,JANEIRO,2020,2020.01,QUARTA,08:46,MANHA,SAO CAETANO DO SUL,Metropolitana de São Paulo,AVENIDA PRESIDENTE KENEDY,1831,MUNICIPAL,PREFEITURA,PREFEITURA,"-23,63575200878","-46,5584859319102",MÚLTIPLA,BOM,LUZ SOLAR,ÚNICA,NAO DISPONIVEL,PLANO,SECA,ASFALTO,MULTIPLA,RETA,0,0,1,0,1,0,0,0,0,1,1,0,0,0,NÃO,NÃO,NÃO,SIM,NÃO,Vias Municipais,0,0,1,0,0,MANHA DE QUARTA,-23.63575200878,-46.5584859319102
715712,2020-01-22,22,JANEIRO,2020,2020.01,QUARTA,06:47,MANHA,SAO CAETANO DO SUL,Metropolitana de São Paulo,RUA PIRATININGA,86,MUNICIPAL,PREFEITURA,PREFEITURA,"-23,6189655733684","-46,5545773795789",DUPLA,BOM,LUZ SOLAR,DUPLA,NAO DISPONIVEL,PLANO,SECA,ASFALTO,DUPLA,RETA,0,0,1,0,1,0,0,0,0,1,1,0,0,0,NÃO,NÃO,NÃO,SIM,NÃO,Vias Municipais,0,0,1,0,0,MANHA DE QUARTA,-23.6189655733684,-46.5545773795789
701124,2020-01-18,18,JANEIRO,2020,2020.01,SÁBADO,03:07,MADRUGADA,SAO CAETANO DO SUL,Metropolitana de São Paulo,ALAMEDA SAO CAETANO,NAO DISPONIVEL,MUNICIPAL,PREFEITURA,PREFEITURA,"-23,641184401","-46,553331826",NAO DISPONIVEL,NAO DISPONIVEL,NAO DISPONIVEL,NAO DISPONIVEL,NAO DISPONIVEL,NAO DISPONIVEL,NAO DISPONIVEL,NAO DISPONIVEL,NAO DISPONIVEL,NAO DISPONIVEL,0,0,0,0,0,0,1,0,0,0,0,0,0,1,NÃO,NÃO,NÃO,SIM,NÃO,Vias Municipais,0,0,0,0,0,MADRUGADA DE SÁBADO,-23.641184401,-46.553331826
702132,2020-01-17,17,JANEIRO,2020,2020.01,SEXTA,08:00,MANHA,SAO CAETANO DO SUL,Metropolitana de São Paulo,AVENIDA TIETE,300,MUNICIPAL,PREFEITURA,PREFEITURA,"-23,6412354148534","-46,5649595306306",DUPLA,BOM,LUZ SOLAR,DUPLA,NAO DISPONIVEL,PLANO,MOLHADA,ASFALTO,DUPLA,CRUZAMENTO,0,0,1,0,0,0,0,1,0,1,1,0,0,0,NÃO,NÃO,NÃO,SIM,NÃO,Vias Municipais,1,0,0,0,0,MANHA DE SEXTA,-23.6412354148534,-46.5649595306306
710268,2020-01-16,16,JANEIRO,2020,2020.01,QUINTA,22:18,NOITE,SAO CAETANO DO SUL,Metropolitana de São Paulo,RUA JOSE BENEDETE,644,MUNICIPAL,PREFEITURA,PREFEITURA,"-23,6211058775769","-46,5704923016153",SIMPLES,CHUVA,NOITE (VIA ILUMINADA),DUPLA,NAO DISPONIVEL,INCLINADO,MOLHADA,ASFALTO,SIMPLES,RETA,0,0,0,0,1,0,0,0,1,0,0,0,0,0,NÃO,NÃO,NÃO,SIM,NÃO,Vias Municipais,0,0,0,1,0,NOITE DE QUINTA,-23.6211058775769,-46.5704923016153
700487,2020-01-16,16,JANEIRO,2020,2020.01,QUINTA,19:03,NOITE,SAO CAETANO DO SUL,Metropolitana de São Paulo,RUA PINTO FERRAZ,545,MUNICIPAL,PREFEITURA,PREFEITURA,"-23,6145456925534","-46,5753793837935",NAO DISPONIVEL,NAO DISPONIVEL,NAO DISPONIVEL,NAO DISPONIVEL,NAO DISPONIVEL,NAO DISPONIVEL,NAO DISPONIVEL,NAO DISPONIVEL,NAO DISPONIVEL,NAO DISPONIVEL,0,0,0,0,0,0,1,0,0,0,0,0,0,1,NÃO,SIM,NÃO,NÃO,NÃO,Vias Municipais,0,0,0,0,0,NOITE DE QUINTA,-23.6145456925534,-46.5753793837935
695636,2020-01-14,14,JANEIRO,2020,2020.01,TERÇA,11:09,MANHA,SAO CAETANO DO SUL,Metropolitana de São Paulo,RUA BOA VISTA,520,MUNICIPAL,PREFEITURA,PREFEITURA,"-23,6424418818928","-46,5618349053214",NAO DISPONIVEL,NAO DISPONIVEL,NAO DISPONIVEL,NAO DISPONIVEL,NAO DISPONIVEL,NAO DISPONIVEL,NAO DISPONIVEL,NAO DISPONIVEL,NAO DISPONIVEL,NAO DISPONIVEL,0,0,0,0,0,0,1,0,0,0,0,0,0,1,NÃO,NÃO,NÃO,SIM,NÃO,Vias Municipais,0,0,0,0,0,MANHA DE TERÇA,-23.6424418818928,-46.5618349053214
693987,2020-01-13,13,JANEIRO,2020,2020.01,SEGUNDA,13:04,TARDE,SAO CAETANO DO SUL,Metropolitana de São Paulo,ALAMEDA SAO CAETANO,2517,MUNICIPAL,PREFEITURA,PREFEITURA,"-23,6396078623838","-46,5542950409399",SIMPLES,BOM,LUZ SOLAR,ÚNICA,NAO DISPONIVEL,PLANO,SECA,ASFALTO,SIMPLES,RETA,0,0,1,0,1,0,0,0,0,1,1,0,0,0,NÃO,NÃO,NÃO,SIM,NÃO,Vias Municipais,0,1,0,0,0,TARDE DE SEGUNDA,-23.6396078623838,-46.5542950409399
695892,2020-01-12,12,JANEIRO,2020,2020.01,DOMINGO,15:29,TARDE,SAO CAETANO DO SUL,Metropolitana de São Paulo,RUA AMAZONAS,2625,MUNICIPAL,PREFEITURA,PREFEITURA,"-23,6349041594259","-46,5692090896296",SIMPLES,BOM,LUZ SOLAR,ÚNICA,NAO DISPONIVEL,INCLINADO,MOLHADA,ASFALTO,SIMPLES,CRUZAMENTO,0,0,0,0,1,0,0,0,0,0,1,0,0,0,NÃO,NÃO,NÃO,SIM,NÃO,Vias Municipais,0,0,0,1,0,TARDE DE DOMINGO,-23.6349041594259,-46.5692090896296
693299,2020-01-12,12,JANEIRO,2020,2020.01,DOMINGO,15:04,TARDE,SAO CAETANO DO SUL,Metropolitana de São Paulo,ACESSO AVENIDA GOIAS,3400,MUNICIPAL,PREFEITURA,PREFEITURA,"-23,6156480139999","-46,580665336",NAO DISPONIVEL,NAO DISPONIVEL,NAO DISPONIVEL,NAO DISPONIVEL,NAO DISPONIVEL,NAO DISPONIVEL,NAO DISPONIVEL,NAO DISPONIVEL,NAO DISPONIVEL,NAO DISPONIVEL,0,0,0,0,0,0,1,0,0,0,0,0,0,1,NÃO,SIM,NÃO,NÃO,NÃO,Vias Municipais,0,0,0,0,0,TARDE DE DOMINGO,-23.6156480139999,-46.580665336
1001867,2020-01-09,9,JANEIRO,2020,2020.01,QUINTA,22:04,NOITE,SAO CAETANO DO SUL,Metropolitana de São Paulo,AVENIDA GUIDO ALIBERTI,100,MUNICIPAL,PREFEITURA,PREFEITURA,"-23,6304","-46,5815",NAO DISPONIVEL,NAO DISPONIVEL,NAO DISPONIVEL,NAO DISPONIVEL,NAO DISPONIVEL,NAO DISPONIVEL,NAO DISPONIVEL,NAO DISPONIVEL,NAO DISPONIVEL,NAO DISPONIVEL,0,0,1,0,1,0,0,0,0,0,0,0,0,0,SIM,NÃO,NÃO,NÃO,NÃO,Vias Municipais,0,0,0,0,0,NOITE DE QUINTA,-23.6304,-46.5815
684067,2020-01-07,7,JANEIRO,2020,2020.01,TERÇA,15:21,TARDE,SAO CAETANO DO SUL,Metropolitana de São Paulo,AVENIDA PRESIDENTE KENEDY,1272,MUNICIPAL,PREFEITURA,PREFEITURA,"-23,622981147","-46,5572963009999",MÚLTIPLA,BOM,LUZ SOLAR,DUPLA,NAO DISPONIVEL,PLANO,SECA,ASFALTO,MULTIPLA,RETA,0,0,1,0,1,0,0,0,0,1,1,0,0,0,NÃO,NÃO,NÃO,SIM,NÃO,Vias Municipais,0,0,1,0,0,TARDE DE TERÇA,-23.622981147,-46.5572963009999
692704,2020-01-06,6,JANEIRO,2020,2020.01,SEGUNDA,19:57,NOITE,SAO CAETANO DO SUL,Metropolitana de São Paulo,AVENIDA PROSPERIDADE,391,MUNICIPAL,PREFEITURA,PREFEITURA,"-23,6123559666861","-46,5460713611964",NAO DISPONIVEL,NAO DISPONIVEL,NAO DISPONIVEL,NAO DISPONIVEL,NAO DISPONIVEL,NAO DISPONIVEL,NAO DISPONIVEL,NAO DISPONIVEL,NAO DISPONIVEL,NAO DISPONIVEL,0,0,0,0,0,0,1,0,0,0,0,0,0,1,NÃO,NÃO,NÃO,SIM,NÃO,Vias Municipais,0,0,0,0,0,NOITE DE SEGUNDA,-23.6123559666861,-46.5460713611964
680224,2020-01-04,4,JANEIRO,2020,2020.01,SÁBADO,12:52,TARDE,SAO CAETANO DO SUL,Metropolitana de São Paulo,RUA CEARA,10,MUNICIPAL,PREFEITURA,PREFEITURA,"-23,6041809690093","-46,570544163606",DUPLA,BOM,LUZ SOLAR,DUPLA,NAO DISPONIVEL,PLANO,MOLHADA,ASFALTO,DUPLA,CRUZAMENTO,0,0,1,0,0,0,0,0,0,0,1,0,0,0,NÃO,NÃO,NÃO,SIM,NÃO,Vias Municipais,0,0,1,0,0,TARDE DE SÁBADO,-23.6041809690093,-46.570544163606
680139,2020-01-04,4,JANEIRO,2020,2020.01,SÁBADO,05:50,MADRUGADA,SAO CAETANO DO SUL,Metropolitana de São Paulo,RUA AMAZONAS,167,MUNICIPAL,PREFEITURA,PREFEITURA,"-23,6126150618135","-46,5694940077118",SIMPLES,BOM,LUZ SOLAR,ÚNICA,NAO DISPONIVEL,PLANO,SECA,ASFALTO,SIMPLES,RETA,0,0,1,0,0,1,0,0,0,3,1,0,0,0,NÃO,NÃO,NÃO,SIM,NÃO,Vias Municipais,0,0,1,0,0,MADRUGADA DE SÁBADO,-23.6126150618135,-46.5694940077118
679455,2020-01-02,2,JANEIRO,2020,2020.01,QUINTA,04:22,MADRUGADA,SAO CAETANO DO SUL,Metropolitana de São Paulo,AVENIDA GOIAS,3400,MUNICIPAL,PREFEITURA,PREFEITURA,"-23,6249577","-46,548174",MÚLTIPLA,BOM,LUZ SOLAR,ÚNICA,NAO DISPONIVEL,PLANO,SECA,ASFALTO,MULTIPLA,RETA,0,0,1,0,0,0,0,0,0,0,2,0,0,0,NÃO,NÃO,NÃO,SIM,NÃO,Vias Municipais,0,0,1,0,0,MADRUGADA DE QUINTA,-23.6249577,-46.548174
209677,2019-12-30,30,DEZEMBRO,2019,2019.12,SEGUNDA,19:24,NOITE,SAO CAETANO DO SUL,Metropolitana de São Paulo,RUA OSVALDO CRUZ,1356,MUNICIPAL,PREFEITURA,PREFEITURA,"-23,6287386608","-46,5678636673",NAO DISPONIVEL,NAO DISPONIVEL,NAO DISPONIVEL,NAO DISPONIVEL,NAO DISPONIVEL,NAO DISPONIVEL,NAO DISPONIVEL,NAO DISPONIVEL,NAO DISPONIVEL,NAO DISPONIVEL,0,0,0,0,0,0,1,0,0,0,0,0,0,1,NÃO,NÃO,NÃO,SIM,NÃO,Vias Municipais,0,0,0,0,0,NOITE DE SEGUNDA,-23.6287386608,-46.5678636673
195004,2019-12-23,23,DEZEMBRO,2019,2019.12,SEGUNDA,13:48,TARDE,SAO CAETANO DO SUL,Metropolitana de São Paulo,AVENIDA GUIDO ALIBERTI,301,MUNICIPAL,PREFEITURA,PREFEITURA,"-23,6104182","-46,5798758",MÚLTIPLA,BOM,LUZ SOLAR,DUPLA,NAO DISPONIVEL,PLANO,SECA,ASFALTO,MULTIPLA,CURVA,0,1,0,0,1,0,0,0,0,1,2,0,0,0,NÃO,NÃO,NÃO,SIM,NÃO,Vias Municipais,0,0,1,0,0,TARDE DE SEGUNDA,-23.6104182,-46.5798758
172517,2019-12-22,22,DEZEMBRO,2019,2019.12,DOMINGO,01:15,MADRUGADA,SAO CAETANO DO SUL,Metropolitana de São Paulo,AVENIDA GOIAS,1161,MUNICIPAL,PREFEITURA,PREFEITURA,"-23,616672941","-46,553239201",DUPLA,BOM,NOITE (VIA ILUMINADA),DUPLA,NAO DISPONIVEL,PLANO,SECA,ASFALTO,DUPLA,RETA,0,0,1,0,0,0,0,0,0,2,3,0,0,0,NÃO,NÃO,NÃO,SIM,NÃO,Vias Municipais,0,0,0,1,0,MADRUGADA DE DOMINGO,-23.616672941,-46.553239201
183600,2019-12-22,22,DEZEMBRO,2019,2019.12,DOMINGO,05:43,MADRUGADA,SAO CAETANO DO SUL,Metropolitana de São Paulo,RUA VINTE E OITO DE JULHO,111,MUNICIPAL,PREFEITURA,PREFEITURA,"-23,605266159","-46,574619146",SIMPLES,BOM,LUZ SOLAR,ÚNICA,NAO DISPONIVEL,PLANO,SECA,ASFALTO,SIMPLES,RETA,0,0,1,0,0,0,0,0,0,2,0,0,0,0,NÃO,NÃO,NÃO,SIM,NÃO,Vias Municipais,0,1,0,0,0,MADRUGADA DE DOMINGO,-23.605266159,-46.574619146
178182,2019-12-21,21,DEZEMBRO,2019,2019.12,SÁBADO,04:51,MADRUGADA,SAO CAETANO DO SUL,Metropolitana de São Paulo,AVENIDA GUIDO ALIBERTI,100,MUNICIPAL,PREFEITURA,PREFEITURA,"-23,6304491968","-46,5815217051",NAO DISPONIVEL,NAO DISPONIVEL,NAO DISPONIVEL,NAO DISPONIVEL,NAO DISPONIVEL,NAO DISPONIVEL,NAO DISPONIVEL,NAO DISPONIVEL,NAO DISPONIVEL,NAO DISPONIVEL,0,0,0,0,0,0,1,0,0,0,0,0,0,1,SIM,NÃO,NÃO,NÃO,NÃO,Vias Municipais,0,0,0,0,0,MADRUGADA DE SÁBADO,-23.6304491968,-46.5815217051
224368,2019-12-21,21,DEZEMBRO,2019,2019.12,SÁBADO,04:29,MADRUGADA,SAO CAETANO DO SUL,Metropolitana de São Paulo,RUA OSVALDO CRUZ,1843,MUNICIPAL,PREFEITURA,PREFEITURA,"-23,6331351135","-46,567840255",SIMPLES,BOM,LUZ SOLAR,ÚNICA,NAO DISPONIVEL,INCLINADO,SECA,ASFALTO,SIMPLES,DIFICULTA A ESTABILIDADE,0,0,1,0,0,0,0,0,0,1,1,0,0,0,NÃO,NÃO,NÃO,SIM,NÃO,Vias Municipais,0,1,0,0,0,MADRUGADA DE SÁBADO,-23.6331351135,-46.567840255
222845,2019-12-21,21,DEZEMBRO,2019,2019.12,SÁBADO,21:00,NOITE,SAO CAETANO DO SUL,Metropolitana de São Paulo,RUA SAO PAULO,NAO DISPONIVEL,MUNICIPAL,PREFEITURA,PREFEITURA,"-23,62201291","-46,567902629",SIMPLES,BOM,NOITE (VIA ILUMINADA),ÚNICA,NAO DISPONIVEL,INCLINADO,SECA,ASFALTO,SIMPLES,CRUZAMENTO,0,0,1,0,0,0,0,0,0,2,4,0,0,0,NÃO,NÃO,NÃO,SIM,NÃO,Vias Municipais,0,0,1,0,0,NOITE DE SÁBADO,-23.62201291,-46.567902629
186885,2019-12-20,20,DEZEMBRO,2019,2019.12,SEXTA,12:34,TARDE,SAO CAETANO DO SUL,Metropolitana de São Paulo,AVENIDA SENADOR ROBERTO SIMONSEN,1382,MUNICIPAL,PREFEITURA,PREFEITURA,"-23,6151768027","-46,5738357871",NAO DISPONIVEL,NAO DISPONIVEL,NAO DISPONIVEL,NAO DISPONIVEL,NAO DISPONIVEL,NAO DISPONIVEL,NAO DISPONIVEL,NAO DISPONIVEL,NAO DISPONIVEL,NAO DISPONIVEL,0,0,0,0,0,0,1,0,0,0,0,0,0,1,SIM,NÃO,NÃO,NÃO,NÃO,Vias Municipais,0,0,0,0,0,TARDE DE SEXTA,-23.6151768027,-46.5738357871
204566,2019-12-20,20,DEZEMBRO,2019,2019.12,SEXTA,18:01,NOITE,SAO CAETANO DO SUL,Metropolitana de São Paulo,RUA BOA VISTA,356,MUNICIPAL,PREFEITURA,PREFEITURA,"-23,6422629677","-46,5620015789",NAO DISPONIVEL,NAO DISPONIVEL,NAO DISPONIVEL,NAO DISPONIVEL,NAO DISPONIVEL,NAO DISPONIVEL,NAO DISPONIVEL,NAO DISPONIVEL,NAO DISPONIVEL,NAO DISPONIVEL,0,0,0,0,0,0,1,0,0,0,0,0,0,1,NÃO,NÃO,NÃO,SIM,NÃO,Vias Municipais,0,0,0,0,0,NOITE DE SEXTA,-23.6422629677,-46.5620015789