ID,Data do Acidente,Dia do Acidente,Mês do Acidente,Ano do Acidente,Ano/Mês do Acidente,Dia da Semana,Hora do Acidente,Turno,Município,Região Administrativa,Logradouro,Numero/KM,Jurisdição,Administração,Conservação,LAT_(GEO),LONG_(GEO),Condições da pista,Condições Climáticas,Iluminação,Mão de direção,Obras na pista,Relevo,Superfície da via,Tipo de pavimento,Tipo de pista,Traçado,Veículos Envolvidos - Bicicleta,Veículos Envolvidos - Caminhão,Veículos Envolvidos - Automóvel,Veículos Envolvidos - Outros,Veículos Envolvidos - Motocicleta,Veículos Envolvidos - Ônibus,Veículos Envolvidos - ND,Veículos Envolvidos - Pedestre,Pessoas Envolvidas - Grave,Pessoas Envolvidas - Ileso,Pessoas Envolvidas - Leve,Pessoas Envolvidas - Fatal,Pessoas Envolvidas - Feridos,Pessoas Envolvidas - ND,Serviço de Atendimento - Bombeiro,Serviço de Atendimento - PMRV,Serviço de Atendimento - PRF,Serviço de Atendimento - Radio Patrulha,Servciço de Atendimento - CPTRAN,Tipo de Via,Tipo de Acidente - Atropelamento,Tipo de Acidente - Choque,Tipo de Acidente - Colisão,Tipo de Acidente - Outros tipos de Acidente,Tipo de Acidente - ND,Turno + Dia de Semana,latitude,longitude
195358,2019-12-20,20,DEZEMBRO,2019,2019.12,SEXTA,15:18,TARDE,SAO CAETANO DO SUL,Metropolitana de São Paulo,AVENIDA PRESIDENTE KENEDY,NAO DISPONIVEL,MUNICIPAL,PREFEITURA,PREFEITURA,"-23,625472084","-46,557874521",SIMPLES,BOM,LUZ SOLAR,ÚNICA,NAO DISPONIVEL,PLANO,SECA,ASFALTO,SIMPLES,ROTATÓRIA,0,0,1,0,0,0,0,1,0,2,0,0,0,0,NÃO,NÃO,NÃO,SIM,NÃO,Vias Municipais,1,0,0,0,0,TARDE DE SEXTA,-23.625472084,-46.557874521
174027,2019-12-17,17,DEZEMBRO,2019,2019.12,TERÇA,05:23,MADRUGADA,SAO CAETANO DO SUL,Metropolitana de São Paulo,AVENIDA GOIAS,2101,MUNICIPAL,PREFEITURA,PREFEITURA,"-23,616203","-46,5557227",DUPLA,BOM,LUZ SOLAR,ÚNICA,VIA SINALIZADA,PLANO,SECA,ASFALTO,DUPLA,CRUZAMENTO,0,0,1,0,1,0,0,0,0,0,0,0,0,0,NÃO,NÃO,NÃO,SIM,NÃO,Vias Municipais,0,0,1,0,0,MADRUGADA DE TERÇA,-23.616203,-46.5557227
180730,2019-12-17,17,DEZEMBRO,2019,2019.12,TERÇA,10:48,MANHA,SAO CAETANO DO SUL,Metropolitana de São Paulo,NAO DISPONIVEL,NAO DISPONIVEL,NAO DISPONIVEL,NAO DISPONIVEL,NAO DISPONIVEL,NAO DISPONIVEL,NAO DISPONIVEL,MÚLTIPLA,BOM,LUZ SOLAR,ÚNICA,NAO DISPONIVEL,PLANO,SECA,ASFALTO,MULTIPLA,CRUZAMENTO,0,0,1,0,0,0,0,1,0,1,1,0,0,0,NÃO,NÃO,NÃO,SIM,NÃO,NAO DISPONIVEL,1,0,0,0,0,MANHA DE TERÇA,-23.62306,-46.55111
185394,2019-12-17,17,DEZEMBRO,2019,2019.12,TERÇA,13:10,TARDE,SAO CAETANO DO SUL,Metropolitana de São Paulo,RUA MARLENE,471,MUNICIPAL,PREFEITURA,PREFEITURA,"-23,6436906001","-46,5679823211",NAO DISPONIVEL,NAO DISPONIVEL,NAO DISPONIVEL,NAO DISPONIVEL,NAO DISPONIVEL,NAO DISPONIVEL,NAO DISPONIVEL,NAO DISPONIVEL,NAO DISPONIVEL,NAO DISPONIVEL,0,0,0,0,0,0,1,0,0,0,0,0,0,1,NÃO,NÃO,NÃO,SIM,NÃO,Vias Municipais,0,0,0,0,0,TARDE DE TERÇA,-23.6436906001,-46.5679823211
213195,2019-12-16,16,DEZEMBRO,2019,2019.12,SEGUNDA,21:19,NOITE,SAO CAETANO DO SUL,Metropolitana de São Paulo,RUA BOA VISTA,100,MUNICIPAL,PREFEITURA,PREFEITURA,"-23,640334225","-46,5633000042",NAO DISPONIVEL,NAO DISPONIVEL,NAO DISPONIVEL,NAO DISPONIVEL,NAO DISPONIVEL,NAO DISPONIVEL,NAO DISPONIVEL,NAO DISPONIVEL,NAO DISPONIVEL,NAO DISPONIVEL,0,0,0,0,0,0,1,0,0,0,0,0,0,1,NÃO,NÃO,NÃO,SIM,NÃO,Vias Municipais,0,0,0,0,0,NOITE DE SEGUNDA,-23.640334225,-46.5633000042
191620,2019-12-15,15,DEZEMBRO,2019,2019.12,DOMINGO,09:35,MANHA,SAO CAETANO DO SUL,Metropolitana de São Paulo,RUA CARLOS GOMES,825,MUNICIPAL,PREFEITURA,PREFEITURA,"-23,635012248","-46,556332849",NAO DISPONIVEL,NAO DISPONIVEL,NAO DISPONIVEL,NAO DISPONIVEL,NAO DISPONIVEL,NAO DISPONIVEL,NAO DISPONIVEL,NAO DISPONIVEL,NAO DISPONIVEL,NAO DISPONIVEL,0,0,0,0,0,0,1,0,0,0,0,0,0,1,NÃO,NÃO,NÃO,SIM,NÃO,Vias Municipais,0,0,0,0,0,MANHA DE DOMINGO,-23.635012248,-46.556332849
216856,2019-12-15,15,DEZEMBRO,2019,2019.12,DOMINGO,17:52,TARDE,SAO CAETANO DO SUL,Metropolitana de São Paulo,RUA MARIANO PAMPLONA,198,MUNICIPAL,PREFEITURA,PREFEITURA,"-23,6034529175","-46,5768015727",DUPLA,BOM,LUZ SOLAR,DUPLA,NAO DISPONIVEL,PLANO,SECA,ASFALTO,DUPLA,RETA,0,0,1,0,0,0,0,0,0,3,1,0,0,0,NÃO,NÃO,NÃO,SIM,NÃO,Vias Municipais,0,0,0,1,0,TARDE DE DOMINGO,-23.6034529175,-46.5768015727
198916,2019-12-14,14,DEZEMBRO,2019,2019.12,SÁBADO,13:43,TARDE,SAO CAETANO DO SUL,Metropolitana de São Paulo,RUA CASTRO ALVES,10,MUNICIPAL,PREFEITURA,PREFEITURA,"-23,6270128897","-46,5641265841",NAO DISPONIVEL,NAO DISPONIVEL,NAO DISPONIVEL,NAO DISPONIVEL,NAO DISPONIVEL,NAO DISPONIVEL,NAO DISPONIVEL,NAO DISPONIVEL,NAO DISPONIVEL,NAO DISPONIVEL,0,0,0,0,0,0,1,0,0,0,0,0,0,1,NÃO,NÃO,NÃO,SIM,NÃO,Vias Municipais,0,0,0,0,0,TARDE DE SÁBADO,-23.6270128897,-46.5641265841
211402,2019-12-12,12,DEZEMBRO,2019,2019.12,QUINTA,21:20,NOITE,SAO CAETANO DO SUL,Metropolitana de São Paulo,AVENIDA GOIAS,2101,MUNICIPAL,PREFEITURA,PREFEITURA,"-23,616203","-46,5557227",MÚLTIPLA,BOM,NOITE (VIA ILUMINADA),DUPLA,NAO DISPONIVEL,PLANO,SECA,ASFALTO,MULTIPLA,CRUZAMENTO,0,0,1,0,1,0,0,0,0,1,1,0,0,0,NÃO,NÃO,NÃO,SIM,NÃO,Vias Municipais,0,0,0,1,0,NOITE DE QUINTA,-23.616203,-46.5557227
995521,2019-12-10,10,DEZEMBRO,2019,2019.12,TERÇA,09:43,MANHA,SAO CAETANO DO SUL,Metropolitana de São Paulo,AVENIDA GOIAS,751,MUNICIPAL,PREFEITURA,PREFEITURA,"-23,6195","-46,5511",NAO DISPONIVEL,NAO DISPONIVEL,NAO DISPONIVEL,NAO DISPONIVEL,NAO DISPONIVEL,NAO DISPONIVEL,NAO DISPONIVEL,NAO DISPONIVEL,NAO DISPONIVEL,NAO DISPONIVEL,0,0,0,0,0,0,1,0,0,0,0,0,0,0,SIM,NÃO,NÃO,NÃO,NÃO,Vias Municipais,0,0,0,0,0,MANHA DE TERÇA,-23.6195,-46.5511
187100,2019-12-08,8,DEZEMBRO,2019,2019.12,DOMINGO,17:40,TARDE,SAO CAETANO DO SUL,Metropolitana de São Paulo,RUA ARLINDO MARCHETI,1018,MUNICIPAL,PREFEITURA,PREFEITURA,"-23,6421840119","-46,5607912275",SIMPLES,BOM,LUZ SOLAR,DUPLA,NAO DISPONIVEL,INCLINADO,SECA,ASFALTO,SIMPLES,CRUZAMENTO,1,0,1,0,0,0,0,0,0,2,1,0,0,0,NÃO,NÃO,NÃO,SIM,NÃO,Vias Municipais,0,0,1,0,0,TARDE DE DOMINGO,-23.6421840119,-46.5607912275
196387,2019-12-08,8,DEZEMBRO,2019,2019.12,DOMINGO,19:46,NOITE,SAO CAETANO DO SUL,Metropolitana de São Paulo,ALAMEDA CASSAQUERA,407,MUNICIPAL,PREFEITURA,PREFEITURA,"-23,625782604","-46,5549540861",NAO DISPONIVEL,NAO DISPONIVEL,NAO DISPONIVEL,NAO DISPONIVEL,NAO DISPONIVEL,NAO DISPONIVEL,NAO DISPONIVEL,NAO DISPONIVEL,NAO DISPONIVEL,NAO DISPONIVEL,0,0,0,0,0,0,1,0,0,0,0,0,0,1,NÃO,NÃO,NÃO,SIM,NÃO,Vias Municipais,0,0,0,0,0,NOITE DE DOMINGO,-23.625782604,-46.5549540861
209902,2019-12-07,7,DEZEMBRO,2019,2019.12,SÁBADO,16:46,TARDE,SAO CAETANO DO SUL,Metropolitana de São Paulo,RUA JOSE PAOLONE,181,MUNICIPAL,PREFEITURA,PREFEITURA,"-23,6146624609","-46,5679508402",SIMPLES,BOM,LUZ SOLAR,ÚNICA,NAO DISPONIVEL,INCLINADO,SECA,ASFALTO,SIMPLES,RETA,0,0,1,0,1,0,0,0,0,2,1,0,0,0,NÃO,NÃO,NÃO,SIM,NÃO,Vias Municipais,0,0,1,0,0,TARDE DE SÁBADO,-23.6146624609,-46.5679508402
171320,2019-12-06,6,DEZEMBRO,2019,2019.12,SEXTA,06:41,MANHA,SAO CAETANO DO SUL,Metropolitana de São Paulo,AVENIDA DR FRANCISCO DE MESQUITA,100,MUNICIPAL,PREFEITURA,PREFEITURA,"-23,6007752057","-46,5770331395",MÚLTIPLA,CHUVA,LUZ SOLAR,ÚNICA,NAO DISPONIVEL,PLANO,MOLHADA,ASFALTO,MULTIPLA,RETA,0,0,1,0,0,0,0,0,0,1,0,0,0,1,NÃO,NÃO,NÃO,SIM,NÃO,Vias Municipais,0,1,0,0,0,MANHA DE SEXTA,-23.6007752057,-46.5770331395
172578,2019-12-05,5,DEZEMBRO,2019,2019.12,QUINTA,08:08,MANHA,SAO CAETANO DO SUL,Metropolitana de São Paulo,RUA PIRATININGA,201,MUNICIPAL,PREFEITURA,PREFEITURA,"-23,6183859054","-46,5536198823",NAO DISPONIVEL,NAO DISPONIVEL,NAO DISPONIVEL,NAO DISPONIVEL,NAO DISPONIVEL,NAO DISPONIVEL,NAO DISPONIVEL,NAO DISPONIVEL,NAO DISPONIVEL,NAO DISPONIVEL,0,0,0,0,0,0,1,0,0,0,0,0,0,1,NÃO,SIM,NÃO,NÃO,NÃO,Vias Municipais,0,0,0,0,0,MANHA DE QUINTA,-23.6183859054,-46.5536198823
190179,2019-12-05,5,DEZEMBRO,2019,2019.12,QUINTA,14:47,TARDE,SAO CAETANO DO SUL,Metropolitana de São Paulo,AVENIDA GOIAS,1699,MUNICIPAL,PREFEITURA,PREFEITURA,"-23,6166114461","-46,557408497",MÚLTIPLA,CHUVA,LUZ SOLAR,ÚNICA,NAO DISPONIVEL,PLANO,MOLHADA,ASFALTO,MULTIPLA,RETA,0,0,1,0,1,0,0,0,0,1,1,0,0,0,NÃO,NÃO,NÃO,SIM,NÃO,Vias Municipais,0,0,1,0,0,TARDE DE QUINTA,-23.6166114461,-46.557408497
224566,2019-12-05,5,DEZEMBRO,2019,2019.12,QUINTA,19:21,NOITE,SAO CAETANO DO SUL,Metropolitana de São Paulo,RUA NOSSA SENHORA DE FATIMA,497,MUNICIPAL,PREFEITURA,PREFEITURA,"-23,6235391323","-46,5657260482",DUPLA,BOM,NOITE (VIA ILUMINADA),DUPLA,NAO DISPONIVEL,INCLINADO,MOLHADA,ASFALTO,DUPLA,CRUZAMENTO,0,0,1,0,0,0,0,1,0,1,1,0,0,0,NÃO,NÃO,NÃO,SIM,NÃO,Vias Municipais,1,0,0,0,0,NOITE DE QUINTA,-23.6235391323,-46.5657260482
172979,2019-12-04,4,DEZEMBRO,2019,2019.12,QUARTA,08:28,MANHA,SAO CAETANO DO SUL,Metropolitana de São Paulo,RUA BARALDI,NAO DISPONIVEL,MUNICIPAL,PREFEITURA,PREFEITURA,"-23,612193983","-46,580212296",MÚLTIPLA,BOM,LUZ SOLAR,DUPLA,NAO DISPONIVEL,PLANO,SECA,ASFALTO,MULTIPLA,CURVA,1,0,1,0,0,0,0,0,0,1,1,0,0,0,NÃO,NÃO,NÃO,SIM,NÃO,Vias Municipais,0,0,1,0,0,MANHA DE QUARTA,-23.612193983,-46.580212296
171432,2019-12-04,4,DEZEMBRO,2019,2019.12,QUARTA,08:04,MANHA,SAO CAETANO DO SUL,Metropolitana de São Paulo,ESTRADA DAS LAGRIMAS,1505,MUNICIPAL,PREFEITURA,PREFEITURA,"-23,64698163","-46,575636182",NAO DISPONIVEL,NAO DISPONIVEL,NAO DISPONIVEL,NAO DISPONIVEL,NAO DISPONIVEL,NAO DISPONIVEL,NAO DISPONIVEL,NAO DISPONIVEL,NAO DISPONIVEL,NAO DISPONIVEL,0,0,0,0,0,0,1,0,0,0,0,0,0,1,NÃO,NÃO,NÃO,SIM,NÃO,Vias Municipais,0,0,0,0,0,MANHA DE QUARTA,-23.64698163,-46.575636182
993772,2019-12-04,4,DEZEMBRO,2019,2019.12,QUARTA,19:23,NOITE,SAO CAETANO DO SUL,Metropolitana de São Paulo,AVENIDA GUIDO ALIBERTI,NAO DISPONIVEL,MUNICIPAL,PREFEITURA,PREFEITURA,"-23,6491","-46,5711",NAO DISPONIVEL,NAO DISPONIVEL,NAO DISPONIVEL,NAO DISPONIVEL,NAO DISPONIVEL,NAO DISPONIVEL,NAO DISPONIVEL,NAO DISPONIVEL,NAO DISPONIVEL,NAO DISPONIVEL,0,0,0,0,0,0,1,0,0,0,0,0,0,0,SIM,NÃO,NÃO,NÃO,NÃO,Vias Municipais,0,0,0,0,0,NOITE DE QUARTA,-23.6491,-46.5711
186970,2019-12-03,3,DEZEMBRO,2019,2019.12,TERÇA,14:32,TARDE,SAO CAETANO DO SUL,Metropolitana de São Paulo,AVENIDA GOIAS,10,MUNICIPAL,PREFEITURA,PREFEITURA,"-23,6225752123","-46,5488955799",MÚLTIPLA,BOM,LUZ SOLAR,ÚNICA,NAO DISPONIVEL,PLANO,SECA,ASFALTO,MULTIPLA,CRUZAMENTO,0,0,1,0,1,0,0,0,0,1,1,0,0,0,NÃO,NÃO,NÃO,SIM,NÃO,Vias Municipais,0,0,1,0,0,TARDE DE TERÇA,-23.6225752123,-46.5488955799
181499,2019-12-03,3,DEZEMBRO,2019,2019.12,TERÇA,12:12,TARDE,SAO CAETANO DO SUL,Metropolitana de São Paulo,AVENIDA GUIDO ALIBERTI,4100,MUNICIPAL,PREFEITURA,PREFEITURA,"-23,64748003","-46,56819218",DUPLA,BOM,LUZ SOLAR,DUPLA,NAO DISPONIVEL,PLANO,SECA,ASFALTO,DUPLA,RETA,0,0,0,0,1,0,0,0,0,0,1,0,0,0,NÃO,NÃO,NÃO,SIM,NÃO,Vias Municipais,0,0,0,1,0,TARDE DE TERÇA,-23.64748003,-46.56819218
992988,2019-11-30,30,NOVEMBRO,2019,2019.11,SÁBADO,16:32,TARDE,SAO CAETANO DO SUL,Metropolitana de São Paulo,ALAMEDA CONDE DE PORTO ALEGRE,1586,MUNICIPAL,PREFEITURA,PREFEITURA,"-23,6424","-46,5551",NAO DISPONIVEL,NAO DISPONIVEL,NAO DISPONIVEL,NAO DISPONIVEL,NAO DISPONIVEL,NAO DISPONIVEL,NAO DISPONIVEL,NAO DISPONIVEL,NAO DISPONIVEL,NAO DISPONIVEL,0,0,1,0,0,0,0,0,0,0,0,0,0,0,SIM,NÃO,NÃO,NÃO,NÃO,Vias Municipais,0,0,0,0,0,TARDE DE SÁBADO,-23.6424,-46.5551
114732,2019-11-28,28,NOVEMBRO,2019,2019.11,QUINTA,07:26,MANHA,SAO CAETANO DO SUL,Metropolitana de São Paulo,RUA ALAGOAS,10,MUNICIPAL,PREFEITURA,PREFEITURA,"-23,6118028438","-46,572447077",MÚLTIPLA,BOM,LUZ SOLAR,ÚNICA,NAO DISPONIVEL,PLANO,MOLHADA,ASFALTO,MULTIPLA,RETA,0,0,1,0,1,0,0,0,0,1,1,0,0,0,NÃO,NÃO,NÃO,SIM,NÃO,Vias Municipais,0,0,1,0,0,MANHA DE QUINTA,-23.6118028438,-46.572447077
118024,2019-11-27,27,NOVEMBRO,2019,2019.11,QUARTA,09:04,MANHA,SAO CAETANO DO SUL,Metropolitana de São Paulo,RUA ALAGOAS,441,MUNICIPAL,PREFEITURA,PREFEITURA,"-23,6118252626","-46,5767222908",DUPLA,BOM,LUZ SOLAR,ÚNICA,NAO DISPONIVEL,PLANO,SECA,ASFALTO,DUPLA,RETA,0,0,0,0,1,1,0,0,0,1,1,0,0,0,NÃO,NÃO,NÃO,SIM,NÃO,Vias Municipais,0,0,1,0,0,MANHA DE QUARTA,-23.6118252626,-46.5767222908
121535,2019-11-27,27,NOVEMBRO,2019,2019.11,QUARTA,10:49,MANHA,SAO CAETANO DO SUL,Metropolitana de São Paulo,RUA NAZARET,1467,MUNICIPAL,PREFEITURA,PREFEITURA,"-23,6288236","-46,5497235",NAO DISPONIVEL,NAO DISPONIVEL,NAO DISPONIVEL,NAO DISPONIVEL,NAO DISPONIVEL,NAO DISPONIVEL,NAO DISPONIVEL,NAO DISPONIVEL,NAO DISPONIVEL,NAO DISPONIVEL,0,0,0,0,0,0,1,0,0,0,0,0,0,1,NÃO,NÃO,NÃO,SIM,NÃO,Vias Municipais,0,0,0,0,0,MANHA DE QUARTA,-23.6288236,-46.5497235
127791,2019-11-26,26,NOVEMBRO,2019,2019.11,TERÇA,12:31,TARDE,SAO CAETANO DO SUL,Metropolitana de São Paulo,AVENIDA GUIDO ALIBERTI,100,MUNICIPAL,PREFEITURA,PREFEITURA,"-23,6304491968","-46,5815217051",MÚLTIPLA,BOM,LUZ SOLAR,DUPLA,NAO DISPONIVEL,PLANO,SECA,ASFALTO,MULTIPLA,RETA,0,0,1,0,0,0,0,1,0,1,1,0,0,0,NÃO,NÃO,NÃO,SIM,NÃO,Vias Municipais,1,0,0,0,0,TARDE DE TERÇA,-23.6304491968,-46.5815217051
147838,2019-11-26,26,NOVEMBRO,2019,2019.11,TERÇA,19:27,NOITE,SAO CAETANO DO SUL,Metropolitana de São Paulo,AVENIDA PRESIDENTE KENEDY,3477,MUNICIPAL,PREFEITURA,PREFEITURA,"-23,6251007327","-46,5576781314",NAO DISPONIVEL,NAO DISPONIVEL,NAO DISPONIVEL,NAO DISPONIVEL,NAO DISPONIVEL,NAO DISPONIVEL,NAO DISPONIVEL,NAO DISPONIVEL,NAO DISPONIVEL,NAO DISPONIVEL,0,0,0,0,1,0,0,0,0,0,0,0,0,0,NÃO,NÃO,NÃO,SIM,NÃO,Vias Municipais,0,0,0,0,0,NOITE DE TERÇA,-23.6251007327,-46.5576781314
122832,2019-11-25,25,NOVEMBRO,2019,2019.11,SEGUNDA,11:00,MANHA,SAO CAETANO DO SUL,Metropolitana de São Paulo,RUA JOSE BENEDETE,487,MUNICIPAL,PREFEITURA,PREFEITURA,"-23,6226037568","-46,5703621244",NAO DISPONIVEL,NAO DISPONIVEL,NAO DISPONIVEL,NAO DISPONIVEL,NAO DISPONIVEL,NAO DISPONIVEL,NAO DISPONIVEL,NAO DISPONIVEL,NAO DISPONIVEL,NAO DISPONIVEL,0,0,0,0,0,0,1,0,0,0,0,0,0,1,SIM,NÃO,NÃO,NÃO,NÃO,Vias Municipais,0,0,0,0,0,MANHA DE SEGUNDA,-23.6226037568,-46.5703621244
130079,2019-11-25,25,NOVEMBRO,2019,2019.11,SEGUNDA,13:09,TARDE,SAO CAETANO DO SUL,Metropolitana de São Paulo,RUA ENGENHEIRO ARMANDO DE ARRUDA PEREIRA,951,MUNICIPAL,PREFEITURA,PREFEITURA,"-23,6313246","-46,5761857",SIMPLES,BOM,LUZ SOLAR,DUPLA,NAO DISPONIVEL,PLANO,SECA,ASFALTO,SIMPLES,CRUZAMENTO,0,0,1,0,1,0,0,0,0,1,1,0,0,0,NÃO,NÃO,NÃO,SIM,NÃO,Vias Municipais,0,0,1,0,0,TARDE DE SEGUNDA,-23.6313246,-46.5761857
129188,2019-11-22,22,NOVEMBRO,2019,2019.11,SEXTA,13:03,TARDE,SAO CAETANO DO SUL,Metropolitana de São Paulo,AVENIDA GUIDO ALIBERTI,100,MUNICIPAL,PREFEITURA,PREFEITURA,"-23,6304491968","-46,5815217051",MÚLTIPLA,BOM,LUZ SOLAR,DUPLA,NAO DISPONIVEL,PLANO,SECA,ASFALTO,MULTIPLA,RETA,0,0,1,0,1,0,0,0,0,1,1,0,0,0,NÃO,NÃO,NÃO,SIM,NÃO,Vias Municipais,0,0,1,0,0,TARDE DE SEXTA,-23.6304491968,-46.5815217051
129387,2019-11-21,21,NOVEMBRO,2019,2019.11,QUINTA,12:28,TARDE,SAO CAETANO DO SUL,Metropolitana de São Paulo,RUA ALEGRE,720,MUNICIPAL,PREFEITURA,PREFEITURA,"-23,6221229729","-46,5519306926",DUPLA,BOM,LUZ SOLAR,ÚNICA,NAO DISPONIVEL,PLANO,SECA,ASFALTO,DUPLA,CRUZAMENTO,0,0,1,0,0,0,0,1,0,3,0,0,0,0,NÃO,NÃO,NÃO,SIM,NÃO,Vias Municipais,1,0,0,0,0,TARDE DE QUINTA,-23.6221229729,-46.5519306926
118023,2019-11-21,21,NOVEMBRO,2019,2019.11,QUINTA,07:57,MANHA,SAO CAETANO DO SUL,Metropolitana de São Paulo,RUA FELIPE CAMARAO,454,MUNICIPAL,PREFEITURA,PREFEITURA,"-23,618326372","-46,550589591",DUPLA,BOM,LUZ SOLAR,DUPLA,NAO DISPONIVEL,PLANO,SECA,ASFALTO,DUPLA,RETA,0,0,1,0,1,0,0,0,0,1,2,0,0,0,NÃO,NÃO,NÃO,SIM,NÃO,Vias Municipais,0,0,1,0,0,MANHA DE QUINTA,-23.618326372,-46.550589591
136617,2019-11-21,21,NOVEMBRO,2019,2019.11,QUINTA,14:31,TARDE,SAO CAETANO DO SUL,Metropolitana de São Paulo,VIADUTO DA INDEPENDENCIA,25,MUNICIPAL,PREFEITURA,PREFEITURA,NAO DISPONIVEL,NAO DISPONIVEL,MÚLTIPLA,BOM,LUZ SOLAR,ÚNICA,NAO DISPONIVEL,PLANO,SECA,ASFALTO,MULTIPLA,CRUZAMENTO,0,0,1,0,1,0,0,0,0,1,0,0,0,0,NÃO,NÃO,NÃO,SIM,NÃO,Vias Municipais,0,0,1,0,0,TARDE DE QUINTA,-23.62306,-46.55111
152166,2019-11-21,21,NOVEMBRO,2019,2019.11,QUINTA,19:35,NOITE,SAO CAETANO DO SUL,Metropolitana de São Paulo,ALAMEDA TERRA COTA,10,MUNICIPAL,PREFEITURA,PREFEITURA,"-23,6212406164","-46,5498536578",SIMPLES,BOM,NOITE (VIA ILUMINADA),ÚNICA,NAO DISPONIVEL,PLANO,SECA,ASFALTO,SIMPLES,ROTATÓRIA,0,0,1,0,1,0,0,0,0,2,1,0,0,0,NÃO,NÃO,NÃO,SIM,NÃO,Vias Municipais,0,0,1,0,0,NOITE DE QUINTA,-23.6212406164,-46.5498536578
118883,2019-11-20,20,NOVEMBRO,2019,2019.11,QUARTA,06:59,MANHA,SAO CAETANO DO SUL,Metropolitana de São Paulo,NAO DISPONIVEL,NAO DISPONIVEL,NAO DISPONIVEL,NAO DISPONIVEL,NAO DISPONIVEL,NAO DISPONIVEL,NAO DISPONIVEL,NAO DISPONIVEL,NAO DISPONIVEL,NAO DISPONIVEL,NAO DISPONIVEL,NAO DISPONIVEL,NAO DISPONIVEL,NAO DISPONIVEL,NAO DISPONIVEL,NAO DISPONIVEL,NAO DISPONIVEL,0,0,0,0,0,0,1,0,0,0,0,0,0,1,NÃO,NÃO,NÃO,SIM,NÃO,NAO DISPONIVEL,0,0,0,0,0,MANHA DE QUARTA,-23.62306,-46.55111
117544,2019-11-20,20,NOVEMBRO,2019,2019.11,QUARTA,06:14,MANHA,SAO CAETANO DO SUL,Metropolitana de São Paulo,AVENIDA GUIDO ALIBERTI,1800,MUNICIPAL,PREFEITURA,PREFEITURA,"-23,6155735474","-46,5806523517",NAO DISPONIVEL,NAO DISPONIVEL,NAO DISPONIVEL,NAO DISPONIVEL,NAO DISPONIVEL,NAO DISPONIVEL,NAO DISPONIVEL,NAO DISPONIVEL,NAO DISPONIVEL,NAO DISPONIVEL,0,0,0,0,0,0,1,0,0,0,0,0,0,1,NÃO,NÃO,NÃO,SIM,NÃO,Vias Municipais,0,0,0,0,0,MANHA DE QUARTA,-23.6155735474,-46.5806523517
154681,2019-11-19,19,NOVEMBRO,2019,2019.11,TERÇA,21:41,NOITE,SAO CAETANO DO SUL,Metropolitana de São Paulo,RUA ANCHIETA,13,MUNICIPAL,PREFEITURA,PREFEITURA,"-23,6391336248","-46,5781933954",MÚLTIPLA,BOM,NOITE (VIA ILUMINADA),DUPLA,NAO DISPONIVEL,INCLINADO,SECA,ASFALTO,MULTIPLA,RETA,0,0,0,0,1,0,0,0,0,0,2,0,0,0,NÃO,SIM,NÃO,NÃO,NÃO,Vias Municipais,0,0,1,0,0,NOITE DE TERÇA,-23.6391336248,-46.5781933954
110130,2019-11-18,18,NOVEMBRO,2019,2019.11,SEGUNDA,00:05,MADRUGADA,SAO CAETANO DO SUL,Metropolitana de São Paulo,RUA PARAIBA,NAO DISPONIVEL,MUNICIPAL,PREFEITURA,PREFEITURA,"-23,611829081","-46,57536053",NAO DISPONIVEL,NAO DISPONIVEL,NAO DISPONIVEL,NAO DISPONIVEL,NAO DISPONIVEL,NAO DISPONIVEL,NAO DISPONIVEL,NAO DISPONIVEL,NAO DISPONIVEL,NAO DISPONIVEL,0,0,0,0,0,0,1,0,0,0,0,0,0,1,NÃO,NÃO,NÃO,SIM,NÃO,Vias Municipais,0,0,0,0,0,MADRUGADA DE SEGUNDA,-23.611829081,-46.57536053
124905,2019-11-18,18,NOVEMBRO,2019,2019.11,SEGUNDA,12:07,TARDE,SAO CAETANO DO SUL,Metropolitana de São Paulo,AVENIDA GUIDO ALIBERTI,1,MUNICIPAL,PREFEITURA,PREFEITURA,"-23,631320755","-46,581768029",NAO DISPONIVEL,NAO DISPONIVEL,NAO DISPONIVEL,NAO DISPONIVEL,NAO DISPONIVEL,NAO DISPONIVEL,NAO DISPONIVEL,NAO DISPONIVEL,NAO DISPONIVEL,NAO DISPONIVEL,0,0,0,0,0,0,1,0,0,0,0,0,0,1,NÃO,NÃO,NÃO,SIM,NÃO,Vias Municipais,0,0,0,0,0,TARDE DE SEGUNDA,-23.631320755,-46.581768029
122075,2019-11-17,17,NOVEMBRO,2019,2019.11,DOMINGO,04:23,MADRUGADA,SAO CAETANO DO SUL,Metropolitana de São Paulo,AVENIDA PROSPERIDADE,100,MUNICIPAL,PREFEITURA,PREFEITURA,"-23,6151165056","-46,5456323864",SIMPLES,BOM,LUZ SOLAR,DUPLA,NAO DISPONIVEL,PLANO,SECA,ASFALTO,SIMPLES,RETA,0,0,1,0,0,0,0,0,0,0,1,0,0,0,NÃO,NÃO,NÃO,SIM,NÃO,Vias Municipais,0,1,0,0,0,MADRUGADA DE DOMINGO,-23.6151165056,-46.5456323864