ID,Data do Acidente,Dia do Acidente,Mês do Acidente,Ano do Acidente,Ano/Mês do Acidente,Dia da Semana,Hora do Acidente,Turno,Município,Região Administrativa,Logradouro,Numero/KM,Jurisdição,Administração,Conservação,LAT_(GEO),LONG_(GEO),Condições da pista,Condições Climáticas,Iluminação,Mão de direção,Obras na pista,Relevo,Superfície da via,Tipo de pavimento,Tipo de pista,Traçado,Veículos Envolvidos - Bicicleta,Veículos Envolvidos - Caminhão,Veículos Envolvidos - Automóvel,Veículos Envolvidos - Outros,Veículos Envolvidos - Motocicleta,Veículos Envolvidos - Ônibus,Veículos Envolvidos - ND,Veículos Envolvidos - Pedestre,Pessoas Envolvidas - Grave,Pessoas Envolvidas - Ileso,Pessoas Envolvidas - Leve,Pessoas Envolvidas - Fatal,Pessoas Envolvidas - Feridos,Pessoas Envolvidas - ND,Serviço de Atendimento - Bombeiro,Serviço de Atendimento - PMRV,Serviço de Atendimento - PRF,Serviço de Atendimento - Radio Patrulha,Servciço de Atendimento - CPTRAN,Tipo de Via,Tipo de Acidente - Atropelamento,Tipo de Acidente - Choque,Tipo de Acidente - Colisão,Tipo de Acidente - Outros tipos de Acidente,Tipo de Acidente - ND,Turno + Dia de Semana,latitude,longitude
160931,2019-11-16,16,NOVEMBRO,2019,2019.11,SÁBADO,20:27,NOITE,SAO CAETANO DO SUL,Metropolitana de São Paulo,AVENIDA DO ESTADO,1498,MUNICIPAL,PREFEITURA,PREFEITURA,"-23,6062537","-46,5673284",DUPLA,BOM,NOITE (VIA ILUMINADA),ÚNICA,NAO DISPONIVEL,PLANO,SECA,ASFALTO,DUPLA,RETA,0,0,1,0,1,0,0,0,0,3,1,0,0,0,NÃO,NÃO,NÃO,SIM,NÃO,Vias Municipais,0,0,1,0,0,NOITE DE SÁBADO,-23.6062537,-46.5673284
160794,2019-11-16,16,NOVEMBRO,2019,2019.11,SÁBADO,20:43,NOITE,SAO CAETANO DO SUL,Metropolitana de São Paulo,AVENIDA DO ESTADO  DIVISA SAO PAULO,1498,MUNICIPAL,PREFEITURA,PREFEITURA,"-23,6057847569","-46,5490129691",NAO DISPONIVEL,NAO DISPONIVEL,NAO DISPONIVEL,NAO DISPONIVEL,NAO DISPONIVEL,NAO DISPONIVEL,NAO DISPONIVEL,NAO DISPONIVEL,NAO DISPONIVEL,NAO DISPONIVEL,0,0,0,0,0,0,1,0,0,0,0,0,0,1,NÃO,NÃO,NÃO,SIM,NÃO,Vias Municipais,0,0,0,0,0,NOITE DE SÁBADO,-23.6057847569,-46.5490129691
157444,2019-11-15,15,NOVEMBRO,2019,2019.11,SEXTA,19:36,NOITE,SAO CAETANO DO SUL,Metropolitana de São Paulo,RUA MADEIRA,731,MUNICIPAL,PREFEITURA,PREFEITURA,"-23,6388200516","-46,5579565636",SIMPLES,BOM,NOITE (VIA ILUMINADA),DUPLA,NAO DISPONIVEL,INCLINADO,SECA,ASFALTO,SIMPLES,ROTATÓRIA,0,0,1,0,1,0,0,0,0,1,1,0,0,0,NÃO,NÃO,NÃO,SIM,NÃO,Vias Municipais,0,1,0,0,0,NOITE DE SEXTA,-23.6388200516,-46.5579565636
134459,2019-11-14,14,NOVEMBRO,2019,2019.11,QUINTA,15:18,TARDE,SAO CAETANO DO SUL,Metropolitana de São Paulo,RUA JOSE HENRIQUE DE SA,204,MUNICIPAL,PREFEITURA,PREFEITURA,"-23,642800122","-46,5638220087",NAO DISPONIVEL,NAO DISPONIVEL,NAO DISPONIVEL,NAO DISPONIVEL,NAO DISPONIVEL,NAO DISPONIVEL,NAO DISPONIVEL,NAO DISPONIVEL,NAO DISPONIVEL,NAO DISPONIVEL,0,0,0,0,0,0,1,0,0,0,0,0,0,1,NÃO,NÃO,NÃO,SIM,NÃO,Vias Municipais,0,0,0,0,0,TARDE DE QUINTA,-23.642800122,-46.5638220087
989139,2019-11-14,14,NOVEMBRO,2019,2019.11,QUINTA,08:17,MANHA,SAO CAETANO DO SUL,Metropolitana de São Paulo,ACESSO AVENIDA DO ESTADO,805,MUNICIPAL,PREFEITURA,PREFEITURA,NAO DISPONIVEL,NAO DISPONIVEL,NAO DISPONIVEL,NAO DISPONIVEL,NAO DISPONIVEL,NAO DISPONIVEL,NAO DISPONIVEL,NAO DISPONIVEL,NAO DISPONIVEL,NAO DISPONIVEL,NAO DISPONIVEL,NAO DISPONIVEL,0,0,0,0,1,0,0,0,0,0,0,0,0,0,SIM,NÃO,NÃO,NÃO,NÃO,Vias Municipais,0,0,0,0,0,MANHA DE QUINTA,-23.62306,-46.55111
156168,2019-11-12,12,NOVEMBRO,2019,2019.11,TERÇA,21:38,NOITE,SAO CAETANO DO SUL,Metropolitana de São Paulo,RUA GENERAL HUMBERTO DE ALENCAR CASTELO BRANCO,64,MUNICIPAL,PREFEITURA,PREFEITURA,"-23,6339809423","-46,5507587191",SIMPLES,BOM,NOITE (VIA ILUMINADA),DUPLA,NAO DISPONIVEL,PLANO,SECA,ASFALTO,SIMPLES,RETA,0,0,1,0,0,0,0,0,0,2,1,0,0,0,NÃO,NÃO,NÃO,SIM,NÃO,Vias Municipais,0,0,0,1,0,NOITE DE TERÇA,-23.6339809423,-46.5507587191
156164,2019-11-11,11,NOVEMBRO,2019,2019.11,SEGUNDA,05:40,MADRUGADA,SAO CAETANO DO SUL,Metropolitana de São Paulo,AVENIDA GOIAS,2101,MUNICIPAL,PREFEITURA,PREFEITURA,"-23,616203","-46,5557227",DUPLA,BOM,LUZ SOLAR,ÚNICA,NAO DISPONIVEL,PLANO,SECA,ASFALTO,DUPLA,RETA,0,0,1,0,0,0,0,0,0,1,0,0,0,0,NÃO,NÃO,NÃO,SIM,NÃO,Vias Municipais,0,0,1,0,0,MADRUGADA DE SEGUNDA,-23.616203,-46.5557227
110672,2019-11-10,10,NOVEMBRO,2019,2019.11,DOMINGO,00:11,MADRUGADA,SAO CAETANO DO SUL,Metropolitana de São Paulo,RUA VISCONDE DE INHAUMA,1214,MUNICIPAL,PREFEITURA,PREFEITURA,"-23,6392936774","-46,5648113483",DUPLA,BOM,LUZ SOLAR,DUPLA,NAO DISPONIVEL,PLANO,SECA,ASFALTO,DUPLA,CRUZAMENTO,0,0,1,0,0,0,0,0,0,2,1,0,0,0,NÃO,NÃO,NÃO,SIM,NÃO,Vias Municipais,0,0,1,0,0,MADRUGADA DE DOMINGO,-23.6392936774,-46.5648113483
119621,2019-11-10,10,NOVEMBRO,2019,2019.11,DOMINGO,02:57,MADRUGADA,SAO CAETANO DO SUL,Metropolitana de São Paulo,RUA XINGU,NAO DISPONIVEL,MUNICIPAL,PREFEITURA,PREFEITURA,"-23,642140842","-46,55527507",NAO DISPONIVEL,NAO DISPONIVEL,NAO DISPONIVEL,NAO DISPONIVEL,NAO DISPONIVEL,NAO DISPONIVEL,NAO DISPONIVEL,NAO DISPONIVEL,NAO DISPONIVEL,NAO DISPONIVEL,0,0,0,0,0,0,1,0,0,0,0,0,0,1,SIM,NÃO,NÃO,NÃO,NÃO,Vias Municipais,0,0,0,0,0,MADRUGADA DE DOMINGO,-23.642140842,-46.55527507
133330,2019-11-10,10,NOVEMBRO,2019,2019.11,DOMINGO,07:39,MANHA,SAO CAETANO DO SUL,Metropolitana de São Paulo,RUA PIAUI,NAO DISPONIVEL,MUNICIPAL,PREFEITURA,PREFEITURA,"-23,619024","-46,566786925",SIMPLES,BOM,LUZ SOLAR,ÚNICA,NAO DISPONIVEL,PLANO,SECA,ASFALTO,SIMPLES,CRUZAMENTO,0,0,1,0,0,1,0,0,0,2,1,0,0,0,NÃO,NÃO,NÃO,SIM,NÃO,Vias Municipais,0,0,1,0,0,MANHA DE DOMINGO,-23.619024,-46.566786925
118009,2019-11-07,7,NOVEMBRO,2019,2019.11,QUINTA,09:14,MANHA,SAO CAETANO DO SUL,Metropolitana de São Paulo,AVENIDA PRESIDENTE KENEDY,1730,MUNICIPAL,PREFEITURA,PREFEITURA,"-23,6348721103","-46,5581245259",NAO DISPONIVEL,NAO DISPONIVEL,NAO DISPONIVEL,NAO DISPONIVEL,NAO DISPONIVEL,NAO DISPONIVEL,NAO DISPONIVEL,NAO DISPONIVEL,NAO DISPONIVEL,NAO DISPONIVEL,0,0,0,0,0,0,1,0,0,0,0,0,0,1,NÃO,NÃO,NÃO,SIM,NÃO,Vias Municipais,0,0,0,0,0,MANHA DE QUINTA,-23.6348721103,-46.5581245259
126024,2019-11-06,6,NOVEMBRO,2019,2019.11,QUARTA,12:43,TARDE,SAO CAETANO DO SUL,Metropolitana de São Paulo,RUA CASTRO ALVES,100,MUNICIPAL,PREFEITURA,PREFEITURA,"-23,6270099035","-46,5650198469",NAO DISPONIVEL,NAO DISPONIVEL,NAO DISPONIVEL,NAO DISPONIVEL,NAO DISPONIVEL,NAO DISPONIVEL,NAO DISPONIVEL,NAO DISPONIVEL,NAO DISPONIVEL,NAO DISPONIVEL,0,0,0,0,0,0,1,0,0,0,0,0,0,1,NÃO,NÃO,NÃO,SIM,NÃO,Vias Municipais,0,0,0,0,0,TARDE DE QUARTA,-23.6270099035,-46.5650198469
146191,2019-11-06,6,NOVEMBRO,2019,2019.11,QUARTA,17:20,TARDE,SAO CAETANO DO SUL,Metropolitana de São Paulo,AVENIDA GUIDO ALIBERTI,100,MUNICIPAL,PREFEITURA,PREFEITURA,"-23,6304491968","-46,5815217051",MÚLTIPLA,BOM,NOITE (VIA ILUMINADA),DUPLA,NAO DISPONIVEL,PLANO,SECA,ASFALTO,MULTIPLA,RETA,0,0,1,0,0,1,0,0,0,1,2,0,0,0,NÃO,NÃO,NÃO,SIM,NÃO,Vias Municipais,0,0,1,0,0,TARDE DE QUARTA,-23.6304491968,-46.5815217051
986818,2019-11-05,5,NOVEMBRO,2019,2019.11,TERÇA,09:19,MANHA,SAO CAETANO DO SUL,Metropolitana de São Paulo,ACESSO AVENIDA DO ESTADO,1079,MUNICIPAL,PREFEITURA,PREFEITURA,NAO DISPONIVEL,NAO DISPONIVEL,NAO DISPONIVEL,NAO DISPONIVEL,NAO DISPONIVEL,NAO DISPONIVEL,NAO DISPONIVEL,NAO DISPONIVEL,NAO DISPONIVEL,NAO DISPONIVEL,NAO DISPONIVEL,NAO DISPONIVEL,0,0,1,0,1,0,0,0,0,0,0,0,0,0,SIM,NÃO,NÃO,NÃO,NÃO,Vias Municipais,0,0,0,0,0,MANHA DE TERÇA,-23.62306,-46.55111
130832,2019-11-04,4,NOVEMBRO,2019,2019.11,SEGUNDA,13:06,TARDE,SAO CAETANO DO SUL,Metropolitana de São Paulo,RUA ENGENHEIRO REBOUCAS,100,MUNICIPAL,PREFEITURA,PREFEITURA,"-23,6280957197","-46,5650022531",DUPLA,BOM,LUZ SOLAR,DUPLA,VIA SINALIZADA,PLANO,SECA,ASFALTO,DUPLA,CRUZAMENTO,0,0,1,0,1,0,0,0,0,2,1,0,0,0,NÃO,NÃO,NÃO,SIM,NÃO,Vias Municipais,0,0,1,0,0,TARDE DE SEGUNDA,-23.6280957197,-46.5650022531
137815,2019-11-04,4,NOVEMBRO,2019,2019.11,SEGUNDA,15:28,TARDE,SAO CAETANO DO SUL,Metropolitana de São Paulo,AVENIDA DO ESTADO  DIVISA SAO PAULO,2000,MUNICIPAL,PREFEITURA,PREFEITURA,"-23,6097915","-46,5502042",MÚLTIPLA,BOM,LUZ SOLAR,ÚNICA,NAO DISPONIVEL,INCLINADO,SECA,ASFALTO,MULTIPLA,CURVA,0,0,1,0,1,0,0,0,1,2,0,0,0,0,NÃO,NÃO,NÃO,SIM,NÃO,Vias Municipais,0,0,1,0,0,TARDE DE SEGUNDA,-23.6097915,-46.5502042
144800,2019-11-04,4,NOVEMBRO,2019,2019.11,SEGUNDA,17:00,TARDE,SAO CAETANO DO SUL,Metropolitana de São Paulo,RUA ENGENHEIRO ARMANDO DE ARRUDA PEREIRA,1459,MUNICIPAL,PREFEITURA,PREFEITURA,"-23,6321166628","-46,576445519",DUPLA,BOM,LUZ SOLAR,DUPLA,NAO DISPONIVEL,INCLINADO,SECA,ASFALTO,DUPLA,CRUZAMENTO,0,0,0,0,1,1,0,0,0,1,1,0,0,0,NÃO,NÃO,NÃO,SIM,NÃO,Vias Municipais,0,0,1,0,0,TARDE DE SEGUNDA,-23.6321166628,-46.576445519
163565,2019-11-01,1,NOVEMBRO,2019,2019.11,SEXTA,23:55,NOITE,SAO CAETANO DO SUL,Metropolitana de São Paulo,RUA BARALDI,772,MUNICIPAL,PREFEITURA,PREFEITURA,"-23,6131708201","-46,5769021578",NAO DISPONIVEL,NAO DISPONIVEL,NAO DISPONIVEL,NAO DISPONIVEL,NAO DISPONIVEL,NAO DISPONIVEL,NAO DISPONIVEL,NAO DISPONIVEL,NAO DISPONIVEL,NAO DISPONIVEL,0,0,0,0,0,0,1,0,0,0,0,0,0,1,NÃO,NÃO,NÃO,SIM,NÃO,Vias Municipais,0,0,0,0,0,NOITE DE SEXTA,-23.6131708201,-46.5769021578
58718,2019-10-28,28,OUTUBRO,2019,2019.1,SEGUNDA,05:14,MADRUGADA,SAO CAETANO DO SUL,Metropolitana de São Paulo,AVENIDA GUIDO ALIBERTI,NAO DISPONIVEL,MUNICIPAL,PREFEITURA,PREFEITURA,"-23,632234687","-46,582022254",DUPLA,BOM,LUZ SOLAR,DUPLA,NAO DISPONIVEL,INCLINADO,MOLHADA,ASFALTO,DUPLA,RETA,0,0,1,0,0,0,0,0,0,1,1,0,0,0,NÃO,NÃO,NÃO,SIM,NÃO,Vias Municipais,0,0,1,0,0,MADRUGADA DE SEGUNDA,-23.632234687,-46.582022254
59402,2019-10-26,26,OUTUBRO,2019,2019.1,SÁBADO,03:01,MADRUGADA,SAO CAETANO DO SUL,Metropolitana de São Paulo,RUA BARALDI,10,MUNICIPAL,PREFEITURA,PREFEITURA,"-23,6141275018","-46,5695410769",NAO DISPONIVEL,NAO DISPONIVEL,NAO DISPONIVEL,NAO DISPONIVEL,NAO DISPONIVEL,NAO DISPONIVEL,NAO DISPONIVEL,NAO DISPONIVEL,NAO DISPONIVEL,NAO DISPONIVEL,0,0,0,0,0,0,1,0,0,0,0,0,0,1,NÃO,NÃO,NÃO,SIM,NÃO,Vias Municipais,0,0,0,0,0,MADRUGADA DE SÁBADO,-23.6141275018,-46.5695410769
97543,2019-10-26,26,OUTUBRO,2019,2019.1,SÁBADO,17:12,TARDE,SAO CAETANO DO SUL,Metropolitana de São Paulo,ACESSO AVENIDA DO ESTADO,373,MUNICIPAL,PREFEITURA,PREFEITURA,"-23,6008536","-46,5767691",SIMPLES,BOM,LUZ SOLAR,ÚNICA,NAO DISPONIVEL,PLANO,SECA,ASFALTO,SIMPLES,RETA,0,0,1,0,1,0,0,0,0,1,1,0,0,0,NÃO,NÃO,NÃO,SIM,NÃO,Vias Municipais,0,1,0,0,0,TARDE DE SÁBADO,-23.6008536,-46.5767691
984313,2019-10-26,26,OUTUBRO,2019,2019.1,SÁBADO,02:59,MADRUGADA,SAO CAETANO DO SUL,Metropolitana de São Paulo,AVENIDA GUIDO ALIBERTI,100,MUNICIPAL,PREFEITURA,PREFEITURA,"-23,6304","-46,5815",NAO DISPONIVEL,NAO DISPONIVEL,NAO DISPONIVEL,NAO DISPONIVEL,NAO DISPONIVEL,NAO DISPONIVEL,NAO DISPONIVEL,NAO DISPONIVEL,NAO DISPONIVEL,NAO DISPONIVEL,0,0,1,0,0,0,0,0,0,0,0,0,0,0,SIM,NÃO,NÃO,NÃO,NÃO,Vias Municipais,0,0,0,0,0,MADRUGADA DE SÁBADO,-23.6304,-46.5815
80811,2019-10-25,25,OUTUBRO,2019,2019.1,SEXTA,15:38,TARDE,SAO CAETANO DO SUL,Metropolitana de São Paulo,AVENIDA GOIAS,1956,MUNICIPAL,PREFEITURA,PREFEITURA,"-23,6165912932","-46,5585487748",MÚLTIPLA,BOM,LUZ SOLAR,DUPLA,NAO DISPONIVEL,PLANO,SECA,ASFALTO,MULTIPLA,RETA,0,0,1,0,0,1,0,0,0,1,2,0,0,0,NÃO,NÃO,NÃO,SIM,NÃO,Vias Municipais,0,0,1,0,0,TARDE DE SEXTA,-23.6165912932,-46.5585487748
84022,2019-10-25,25,OUTUBRO,2019,2019.1,SEXTA,16:29,TARDE,SAO CAETANO DO SUL,Metropolitana de São Paulo,RUA MANOEL COELHO,289,MUNICIPAL,PREFEITURA,PREFEITURA,"-23,6123016565","-46,5723646874",SIMPLES,BOM,LUZ SOLAR,ÚNICA,NAO DISPONIVEL,PLANO,SECA,ASFALTO,SIMPLES,RETA,0,0,0,0,1,0,0,1,0,2,1,0,0,0,NÃO,NÃO,NÃO,SIM,NÃO,Vias Municipais,1,0,0,0,0,TARDE DE SEXTA,-23.6123016565,-46.5723646874
87497,2019-10-25,25,OUTUBRO,2019,2019.1,SEXTA,17:23,TARDE,SAO CAETANO DO SUL,Metropolitana de São Paulo,AVENIDA VITAL BRASIL FILHO,540,MUNICIPAL,PREFEITURA,PREFEITURA,"-23,6268827687","-46,5640451395",DUPLA,BOM,LUZ SOLAR,DUPLA,NAO DISPONIVEL,PLANO,SECA,ASFALTO,DUPLA,RETA,0,0,0,0,1,0,0,0,0,0,1,0,0,0,NÃO,NÃO,NÃO,SIM,NÃO,Vias Municipais,0,0,1,0,0,TARDE DE SEXTA,-23.6268827687,-46.5640451395
69066,2019-10-24,24,OUTUBRO,2019,2019.1,QUINTA,11:42,MANHA,SAO CAETANO DO SUL,Metropolitana de São Paulo,AVENIDA GUIDO ALIBERTI,301,MUNICIPAL,PREFEITURA,PREFEITURA,"-23,6104182","-46,5798758",DUPLA,BOM,LUZ SOLAR,DUPLA,NAO DISPONIVEL,PLANO,SECA,ASFALTO,DUPLA,RETA,0,1,1,0,1,0,0,0,0,2,0,0,0,0,NÃO,NÃO,NÃO,SIM,NÃO,Vias Municipais,0,0,1,0,0,MANHA DE QUINTA,-23.6104182,-46.5798758
97465,2019-10-24,24,OUTUBRO,2019,2019.1,QUINTA,21:39,NOITE,SAO CAETANO DO SUL,Metropolitana de São Paulo,RUA AURELIA,101,MUNICIPAL,PREFEITURA,PREFEITURA,"-23,617587","-46,5566729",NAO DISPONIVEL,NAO DISPONIVEL,NAO DISPONIVEL,NAO DISPONIVEL,NAO DISPONIVEL,NAO DISPONIVEL,NAO DISPONIVEL,NAO DISPONIVEL,NAO DISPONIVEL,NAO DISPONIVEL,0,0,0,0,0,0,1,0,0,0,0,0,0,1,NÃO,NÃO,NÃO,SIM,NÃO,Vias Municipais,0,0,0,0,0,NOITE DE QUINTA,-23.617587,-46.5566729
57557,2019-10-22,22,OUTUBRO,2019,2019.1,TERÇA,08:37,MANHA,SAO CAETANO DO SUL,Metropolitana de São Paulo,AVENIDA GUIDO ALIBERTI,4600,MUNICIPAL,PREFEITURA,PREFEITURA,"-23,6118874982","-46,5801586416",DUPLA,BOM,LUZ SOLAR,DUPLA,NAO DISPONIVEL,PLANO,SECA,ASFALTO,DUPLA,RETA,0,1,0,0,1,0,0,0,1,1,0,0,0,1,NÃO,NÃO,NÃO,SIM,NÃO,Vias Municipais,0,0,1,0,0,MANHA DE TERÇA,-23.6118874982,-46.5801586416
54302,2019-10-21,21,OUTUBRO,2019,2019.1,SEGUNDA,04:13,MADRUGADA,SAO CAETANO DO SUL,Metropolitana de São Paulo,RUA DO ROSARIO,11,MUNICIPAL,PREFEITURA,PREFEITURA,"-23,634231968","-46,5621555799",NAO DISPONIVEL,NAO DISPONIVEL,NAO DISPONIVEL,NAO DISPONIVEL,NAO DISPONIVEL,NAO DISPONIVEL,NAO DISPONIVEL,NAO DISPONIVEL,NAO DISPONIVEL,NAO DISPONIVEL,0,0,0,0,0,0,1,0,0,0,0,0,0,1,SIM,NÃO,NÃO,NÃO,NÃO,Vias Municipais,0,0,0,0,0,MADRUGADA DE SEGUNDA,-23.634231968,-46.5621555799
77515,2019-10-21,21,OUTUBRO,2019,2019.1,SEGUNDA,14:53,TARDE,SAO CAETANO DO SUL,Metropolitana de São Paulo,RUA JOAO PESSOA,420,MUNICIPAL,PREFEITURA,PREFEITURA,"-23,6130417992","-46,5684478537",SIMPLES,BOM,LUZ SOLAR,ÚNICA,NAO DISPONIVEL,PLANO,SECA,CONCRETO,SIMPLES,RETA,0,0,1,0,0,0,0,0,0,0,1,0,0,0,NÃO,NÃO,NÃO,SIM,NÃO,Vias Municipais,0,0,1,0,0,TARDE DE SEGUNDA,-23.6130417992,-46.5684478537
72253,2019-10-21,21,OUTUBRO,2019,2019.1,SEGUNDA,12:45,TARDE,SAO CAETANO DO SUL,Metropolitana de São Paulo,RUA MANOEL COELHO,255,MUNICIPAL,PREFEITURA,PREFEITURA,"-23,6119865807","-46,5723653193",SIMPLES,BOM,LUZ SOLAR,ÚNICA,VIA SINALIZADA,PLANO,SECA,ASFALTO,SIMPLES,RETA,1,0,0,0,0,0,0,0,0,2,0,0,0,0,NÃO,NÃO,NÃO,SIM,NÃO,Vias Municipais,1,0,0,0,0,TARDE DE SEGUNDA,-23.6119865807,-46.5723653193
81230,2019-10-21,21,OUTUBRO,2019,2019.1,SEGUNDA,16:19,TARDE,SAO CAETANO DO SUL,Metropolitana de São Paulo,AVENIDA DO ESTADO  DIVISA SANTO ANDRE,NAO DISPONIVEL,MUNICIPAL,PREFEITURA,PREFEITURA,"-23,6100493141","-46,5454903579",NAO DISPONIVEL,NAO DISPONIVEL,NAO DISPONIVEL,NAO DISPONIVEL,NAO DISPONIVEL,NAO DISPONIVEL,NAO DISPONIVEL,NAO DISPONIVEL,NAO DISPONIVEL,NAO DISPONIVEL,0,0,0,0,0,0,1,0,0,0,0,0,0,1,NÃO,NÃO,NÃO,SIM,NÃO,Vias Municipais,0,0,0,0,0,TARDE DE SEGUNDA,-23.6100493141,-46.5454903579
85416,2019-10-18,18,OUTUBRO,2019,2019.1,SEXTA,16:31,TARDE,SAO CAETANO DO SUL,Metropolitana de São Paulo,AVENIDA GUIDO ALIBERTI,4300,MUNICIPAL,PREFEITURA,PREFEITURA,"-23,6145864619","-46,5806324721",DUPLA,BOM,LUZ SOLAR,DUPLA,NAO DISPONIVEL,PLANO,MOLHADA,ASFALTO,DUPLA,CRUZAMENTO,1,0,1,0,0,0,0,0,0,1,0,0,0,0,NÃO,NÃO,NÃO,SIM,NÃO,Vias Municipais,0,0,1,0,0,TARDE DE SEXTA,-23.6145864619,-46.5806324721
982309,2019-10-18,18,OUTUBRO,2019,2019.1,SEXTA,09:13,MANHA,SAO CAETANO DO SUL,Metropolitana de São Paulo,AVENIDA GUIDO ALIBERTI,100,MUNICIPAL,PREFEITURA,PREFEITURA,"-23,6304","-46,5815",NAO DISPONIVEL,NAO DISPONIVEL,NAO DISPONIVEL,NAO DISPONIVEL,NAO DISPONIVEL,NAO DISPONIVEL,NAO DISPONIVEL,NAO DISPONIVEL,NAO DISPONIVEL,NAO DISPONIVEL,0,0,1,0,0,0,0,0,0,0,0,0,0,0,SIM,NÃO,NÃO,NÃO,NÃO,Vias Municipais,0,0,0,0,0,MANHA DE SEXTA,-23.6304,-46.5815
59228,2019-10-17,17,OUTUBRO,2019,2019.1,QUINTA,08:29,MANHA,SAO CAETANO DO SUL,Metropolitana de São Paulo,RUA ALEGRE,1316,MUNICIPAL,PREFEITURA,PREFEITURA,NAO DISPONIVEL,NAO DISPONIVEL,SIMPLES,BOM,LUZ SOLAR,ÚNICA,NAO DISPONIVEL,PLANO,SECA,ASFALTO,SIMPLES,RETA,0,0,0,0,1,0,0,0,0,0,1,0,0,0,NÃO,NÃO,NÃO,SIM,NÃO,Vias Municipais,0,0,0,1,0,MANHA DE QUINTA,-23.62306,-46.55111
982162,2019-10-17,17,OUTUBRO,2019,2019.1,QUINTA,10:43,MANHA,SAO CAETANO DO SUL,Metropolitana de São Paulo,AVENIDA DO ESTADO  DIVISA SAO PAULO,451,MUNICIPAL,PREFEITURA,PREFEITURA,"-23,6041","-46,5703",NAO DISPONIVEL,NAO DISPONIVEL,NAO DISPONIVEL,NAO DISPONIVEL,NAO DISPONIVEL,NAO DISPONIVEL,NAO DISPONIVEL,NAO DISPONIVEL,NAO DISPONIVEL,NAO DISPONIVEL,0,0,0,0,1,0,0,0,0,0,0,0,0,0,SIM,NÃO,NÃO,NÃO,NÃO,Vias Municipais,0,0,0,0,0,MANHA DE QUINTA,-23.6041,-46.5703
83137,2019-10-16,16,OUTUBRO,2019,2019.1,QUARTA,17:07,TARDE,SAO CAETANO DO SUL,Metropolitana de São Paulo,RUA ENGENHEIRO ARMANDO DE ARRUDA PEREIRA,100,MUNICIPAL,PREFEITURA,PREFEITURA,"-23,6235148121","-46,5761892414",NAO DISPONIVEL,NAO DISPONIVEL,NAO DISPONIVEL,NAO DISPONIVEL,NAO DISPONIVEL,NAO DISPONIVEL,NAO DISPONIVEL,NAO DISPONIVEL,NAO DISPONIVEL,NAO DISPONIVEL,0,0,0,0,0,0,1,0,0,0,0,0,0,1,SIM,NÃO,NÃO,NÃO,NÃO,Vias Municipais,0,0,0,0,0,TARDE DE QUARTA,-23.6235148121,-46.5761892414
66757,2019-10-14,14,OUTUBRO,2019,2019.1,SEGUNDA,10:20,MANHA,SAO CAETANO DO SUL,Metropolitana de São Paulo,AVENIDA GOIAS,889,MUNICIPAL,PREFEITURA,PREFEITURA,"-23,6186050763","-46,5517464244",MÚLTIPLA,BOM,LUZ SOLAR,ÚNICA,NAO DISPONIVEL,PLANO,SECA,ASFALTO,MULTIPLA,RETA,0,0,0,0,0,1,0,0,0,1,1,0,0,0,NÃO,NÃO,NÃO,SIM,NÃO,Vias Municipais,0,0,0,1,0,MANHA DE SEGUNDA,-23.6186050763,-46.5517464244
92056,2019-10-14,14,OUTUBRO,2019,2019.1,SEGUNDA,17:45,TARDE,SAO CAETANO DO SUL,Metropolitana de São Paulo,AVENIDA GOIAS,2355,MUNICIPAL,PREFEITURA,PREFEITURA,"-23,6164344329","-46,5598189824",SIMPLES,BOM,LUZ SOLAR,ÚNICA,NAO DISPONIVEL,INCLINADO,SECA,ASFALTO,SIMPLES,CURVA,1,0,1,0,0,0,0,0,0,1,1,0,0,0,NÃO,NÃO,NÃO,SIM,NÃO,Vias Municipais,0,0,1,0,0,TARDE DE SEGUNDA,-23.6164344329,-46.5598189824
107184,2019-10-14,14,OUTUBRO,2019,2019.1,SEGUNDA,23:34,NOITE,SAO CAETANO DO SUL,Metropolitana de São Paulo,AVENIDA GOIAS,NAO DISPONIVEL,MUNICIPAL,PREFEITURA,PREFEITURA,"-23,616327394","-46,566798761",MÚLTIPLA,BOM,NOITE (VIA ILUMINADA),ÚNICA,NAO DISPONIVEL,PLANO,SECA,ASFALTO,MULTIPLA,CRUZAMENTO,0,1,1,0,0,0,0,0,1,1,0,0,0,0,NÃO,NÃO,NÃO,SIM,NÃO,Vias Municipais,0,0,1,0,0,NOITE DE SEGUNDA,-23.616327394,-46.566798761