ID,Data do Acidente,Dia do Acidente,Mês do Acidente,Ano do Acidente,Ano/Mês do Acidente,Dia da Semana,Hora do Acidente,Turno,Município,Região Administrativa,Logradouro,Numero/KM,Jurisdição,Administração,Conservação,LAT_(GEO),LONG_(GEO),Condições da pista,Condições Climáticas,Iluminação,Mão de direção,Obras na pista,Relevo,Superfície da via,Tipo de pavimento,Tipo de pista,Traçado,Veículos Envolvidos - Bicicleta,Veículos Envolvidos - Caminhão,Veículos Envolvidos - Automóvel,Veículos Envolvidos - Outros,Veículos Envolvidos - Motocicleta,Veículos Envolvidos - Ônibus,Veículos Envolvidos - ND,Veículos Envolvidos - Pedestre,Pessoas Envolvidas - Grave,Pessoas Envolvidas - Ileso,Pessoas Envolvidas - Leve,Pessoas Envolvidas - Fatal,Pessoas Envolvidas - Feridos,Pessoas Envolvidas - ND,Serviço de Atendimento - Bombeiro,Serviço de Atendimento - PMRV,Serviço de Atendimento - PRF,Serviço de Atendimento - Radio Patrulha,Servciço de Atendimento - CPTRAN,Tipo de Via,Tipo de Acidente - Atropelamento,Tipo de Acidente - Choque,Tipo de Acidente - Colisão,Tipo de Acidente - Outros tipos de Acidente,Tipo de Acidente - ND,Turno + Dia de Semana,latitude,longitude
108620,2019-10-12,12,OUTUBRO,2019,2019.1,SÁBADO,19:53,NOITE,SAO CAETANO DO SUL,Metropolitana de São Paulo,AVENIDA DO ESTADO  DIVISA SANTO ANDRE,1458,MUNICIPAL,PREFEITURA,PREFEITURA,NAO DISPONIVEL,NAO DISPONIVEL,MÚLTIPLA,BOM,NOITE (VIA ILUMINADA),ÚNICA,NAO DISPONIVEL,PLANO,SECA,ASFALTO,MULTIPLA,RETA,0,1,1,0,0,0,0,0,0,2,0,0,0,0,NÃO,NÃO,NÃO,SIM,NÃO,Vias Municipais,0,0,1,0,0,NOITE DE SÁBADO,-23.62306,-46.55111
64412,2019-10-10,10,OUTUBRO,2019,2019.1,QUINTA,10:25,MANHA,SAO CAETANO DO SUL,Metropolitana de São Paulo,AVENIDA GOIAS,2475,MUNICIPAL,PREFEITURA,PREFEITURA,"-23,6165468676","-46,5609399209",SIMPLES,BOM,LUZ SOLAR,DUPLA,NAO DISPONIVEL,PLANO,SECA,ASFALTO,SIMPLES,RETA,0,0,1,0,1,0,0,0,0,2,1,0,0,0,NÃO,NÃO,NÃO,SIM,NÃO,Vias Municipais,0,0,1,0,0,MANHA DE QUINTA,-23.6165468676,-46.5609399209
53969,2019-10-09,9,OUTUBRO,2019,2019.1,QUARTA,04:03,MADRUGADA,SAO CAETANO DO SUL,Metropolitana de São Paulo,RUA PIAUI,100,MUNICIPAL,PREFEITURA,PREFEITURA,"-23,618980935","-46,560450297",SIMPLES,BOM,NOITE (VIA ILUMINADA),ÚNICA,NAO DISPONIVEL,INCLINADO,MOLHADA,ASFALTO,SIMPLES,RETA,0,1,1,0,0,0,0,0,0,1,0,0,0,1,NÃO,NÃO,NÃO,SIM,NÃO,Vias Municipais,0,0,1,0,0,MADRUGADA DE QUARTA,-23.618980935,-46.560450297
69505,2019-10-09,9,OUTUBRO,2019,2019.1,QUARTA,10:30,MANHA,SAO CAETANO DO SUL,Metropolitana de São Paulo,RUA PEDRO JOSE LORENZINE,200,MUNICIPAL,PREFEITURA,PREFEITURA,"-23,6161588143","-46,5745582676",SIMPLES,BOM,LUZ SOLAR,ÚNICA,NAO DISPONIVEL,PLANO,SECA,ASFALTO,SIMPLES,RETA,0,0,1,0,1,0,0,0,0,1,1,0,0,0,NÃO,NÃO,NÃO,SIM,NÃO,Vias Municipais,0,0,1,0,0,MANHA DE QUARTA,-23.6161588143,-46.5745582676
86652,2019-10-08,8,OUTUBRO,2019,2019.1,TERÇA,19:10,NOITE,SAO CAETANO DO SUL,Metropolitana de São Paulo,RUA AURELIA,101,MUNICIPAL,PREFEITURA,PREFEITURA,"-23,617587","-46,5566729",NAO DISPONIVEL,NAO DISPONIVEL,NAO DISPONIVEL,NAO DISPONIVEL,NAO DISPONIVEL,NAO DISPONIVEL,NAO DISPONIVEL,NAO DISPONIVEL,NAO DISPONIVEL,NAO DISPONIVEL,0,0,0,0,0,0,1,0,0,0,0,0,0,1,NÃO,NÃO,NÃO,SIM,NÃO,Vias Municipais,0,0,0,0,0,NOITE DE TERÇA,-23.617587,-46.5566729
97628,2019-10-08,8,OUTUBRO,2019,2019.1,TERÇA,22:39,NOITE,SAO CAETANO DO SUL,Metropolitana de São Paulo,AVENIDA GUIDO ALIBERTI,NAO DISPONIVEL,MUNICIPAL,PREFEITURA,PREFEITURA,"-23,621969317","-46,581788119",DUPLA,CHUVA,NOITE (VIA ILUMINADA),ÚNICA,NAO DISPONIVEL,PLANO,MOLHADA,ASFALTO,DUPLA,CRUZAMENTO,0,0,1,0,1,0,0,0,0,0,4,0,0,0,NÃO,NÃO,NÃO,SIM,NÃO,Vias Municipais,0,0,1,0,0,NOITE DE TERÇA,-23.621969317,-46.581788119
56089,2019-10-07,7,OUTUBRO,2019,2019.1,SEGUNDA,04:35,MADRUGADA,SAO CAETANO DO SUL,Metropolitana de São Paulo,AVENIDA GOIAS,100,MUNICIPAL,PREFEITURA,PREFEITURA,"-23,62190035","-46,5493794553",SIMPLES,BOM,NOITE (VIA ILUMINADA),ÚNICA,NAO DISPONIVEL,PLANO,MOLHADA,ASFALTO,SIMPLES,RETA,0,0,0,0,1,0,0,0,1,0,0,0,0,0,NÃO,NÃO,NÃO,SIM,NÃO,Vias Municipais,0,0,1,0,0,MADRUGADA DE SEGUNDA,-23.62190035,-46.5493794553
62189,2019-10-07,7,OUTUBRO,2019,2019.1,SEGUNDA,09:17,MANHA,SAO CAETANO DO SUL,Metropolitana de São Paulo,AVENIDA GUIDO ALIBERTI,1,MUNICIPAL,PREFEITURA,PREFEITURA,"-23,631320755","-46,581768029",DUPLA,BOM,LUZ SOLAR,DUPLA,NAO DISPONIVEL,INCLINADO,SECA,ASFALTO,DUPLA,CRUZAMENTO,0,0,1,0,1,0,0,0,0,1,1,0,0,0,NÃO,NÃO,NÃO,SIM,NÃO,Vias Municipais,0,0,1,0,0,MANHA DE SEGUNDA,-23.631320755,-46.581768029
60931,2019-10-07,7,OUTUBRO,2019,2019.1,SEGUNDA,08:33,MANHA,SAO CAETANO DO SUL,Metropolitana de São Paulo,RUA RIO GRANDE DO SUL,1027,MUNICIPAL,PREFEITURA,PREFEITURA,"-23,616203483","-46,5713277129",SIMPLES,BOM,LUZ SOLAR,ÚNICA,NAO DISPONIVEL,PLANO,MOLHADA,ASFALTO,SIMPLES,RETA,0,0,1,0,0,0,0,0,0,1,0,0,0,1,NÃO,NÃO,NÃO,SIM,NÃO,Vias Municipais,0,0,0,1,0,MANHA DE SEGUNDA,-23.616203483,-46.5713277129
76254,2019-10-05,5,OUTUBRO,2019,2019.1,SÁBADO,09:56,MANHA,SAO CAETANO DO SUL,Metropolitana de São Paulo,RUA AMAZONAS,2256,MUNICIPAL,PREFEITURA,PREFEITURA,"-23,6315616296","-46,5693035644",SIMPLES,BOM,LUZ SOLAR,ÚNICA,NAO DISPONIVEL,INCLINADO,SECA,ASFALTO,SIMPLES,RETA,0,0,1,0,1,0,0,0,0,1,2,0,0,0,NÃO,NÃO,NÃO,SIM,NÃO,Vias Municipais,0,0,1,0,0,MANHA DE SÁBADO,-23.6315616296,-46.5693035644
92034,2019-10-05,5,OUTUBRO,2019,2019.1,SÁBADO,14:10,TARDE,SAO CAETANO DO SUL,Metropolitana de São Paulo,RUA MARECHAL DEODORO,538,MUNICIPAL,PREFEITURA,PREFEITURA,"-23,6173599499","-46,5614631073",DUPLA,BOM,LUZ SOLAR,DUPLA,NAO DISPONIVEL,PLANO,SECA,ASFALTO,DUPLA,CRUZAMENTO,0,0,1,0,1,0,0,0,0,1,1,0,0,0,NÃO,NÃO,NÃO,SIM,NÃO,Vias Municipais,0,0,1,0,0,TARDE DE SÁBADO,-23.6173599499,-46.5614631073
81588,2019-10-04,4,OUTUBRO,2019,2019.1,SEXTA,15:53,TARDE,SAO CAETANO DO SUL,Metropolitana de São Paulo,RUA BOA VISTA,523,MUNICIPAL,PREFEITURA,PREFEITURA,"-23,642474784","-46,5618151451",NAO DISPONIVEL,NAO DISPONIVEL,NAO DISPONIVEL,NAO DISPONIVEL,NAO DISPONIVEL,NAO DISPONIVEL,NAO DISPONIVEL,NAO DISPONIVEL,NAO DISPONIVEL,NAO DISPONIVEL,0,0,0,0,0,0,1,0,0,0,0,0,0,1,NÃO,NÃO,NÃO,SIM,NÃO,Vias Municipais,0,0,0,0,0,TARDE DE SEXTA,-23.642474784,-46.5618151451
65383,2019-10-04,4,OUTUBRO,2019,2019.1,SEXTA,15:20,TARDE,SAO CAETANO DO SUL,Metropolitana de São Paulo,RUA OSVALDO CRUZ,251,MUNICIPAL,PREFEITURA,PREFEITURA,"-23,618715164","-46,5679210278",SIMPLES,BOM,LUZ SOLAR,ÚNICA,NAO DISPONIVEL,PLANO,SECA,ASFALTO,SIMPLES,RETA,0,0,1,0,0,0,0,0,0,0,1,0,0,0,NÃO,NÃO,NÃO,SIM,NÃO,Vias Municipais,0,0,1,0,0,TARDE DE SEXTA,-23.618715164,-46.5679210278
72345,2019-10-04,4,OUTUBRO,2019,2019.1,SEXTA,12:24,TARDE,SAO CAETANO DO SUL,Metropolitana de São Paulo,AVENIDA GUIDO ALIBERTI,2949,MUNICIPAL,PREFEITURA,PREFEITURA,"-23,6267001773","-46,5823900265",DUPLA,BOM,LUZ SOLAR,DUPLA,NAO DISPONIVEL,PLANO,SECA,ASFALTO,DUPLA,RETA,0,0,1,0,1,0,0,0,0,1,1,0,0,0,NÃO,NÃO,NÃO,SIM,NÃO,Vias Municipais,0,0,1,0,0,TARDE DE SEXTA,-23.6267001773,-46.5823900265
89292,2019-10-04,4,OUTUBRO,2019,2019.1,SEXTA,17:56,TARDE,SAO CAETANO DO SUL,Metropolitana de São Paulo,NAO DISPONIVEL,NAO DISPONIVEL,NAO DISPONIVEL,NAO DISPONIVEL,NAO DISPONIVEL,NAO DISPONIVEL,NAO DISPONIVEL,MÚLTIPLA,BOM,LUZ SOLAR,ÚNICA,NAO DISPONIVEL,PLANO,SECA,ASFALTO,MULTIPLA,RETA,0,0,0,0,0,0,1,0,0,0,0,0,0,0,NÃO,NÃO,NÃO,SIM,NÃO,NAO DISPONIVEL,0,1,0,0,0,TARDE DE SEXTA,-23.62306,-46.55111
75943,2019-10-03,3,OUTUBRO,2019,2019.1,QUINTA,14:10,TARDE,SAO CAETANO DO SUL,Metropolitana de São Paulo,ALAMEDA CONDE DE PORTO ALEGRE,1492,MUNICIPAL,PREFEITURA,PREFEITURA,"-23,6416640076","-46,5555571391",DUPLA,BOM,LUZ SOLAR,DUPLA,NAO DISPONIVEL,PLANO,SECA,ASFALTO,DUPLA,RETA,0,0,1,0,0,0,0,1,0,1,0,0,0,0,NÃO,NÃO,NÃO,SIM,NÃO,Vias Municipais,1,0,0,0,0,TARDE DE QUINTA,-23.6416640076,-46.5555571391
90168,2019-10-03,3,OUTUBRO,2019,2019.1,QUINTA,18:37,NOITE,SAO CAETANO DO SUL,Metropolitana de São Paulo,ESTRADA DAS LAGRIMAS,1240,MUNICIPAL,PREFEITURA,PREFEITURA,"-23,6328401074","-46,5808513483",NAO DISPONIVEL,NAO DISPONIVEL,NAO DISPONIVEL,NAO DISPONIVEL,NAO DISPONIVEL,NAO DISPONIVEL,NAO DISPONIVEL,NAO DISPONIVEL,NAO DISPONIVEL,NAO DISPONIVEL,0,0,0,0,0,0,1,0,0,0,0,0,0,1,NÃO,NÃO,NÃO,SIM,NÃO,Vias Municipais,0,0,0,0,0,NOITE DE QUINTA,-23.6328401074,-46.5808513483
71523,2019-10-02,2,OUTUBRO,2019,2019.1,QUARTA,13:21,TARDE,SAO CAETANO DO SUL,Metropolitana de São Paulo,RUA CEARA,330,MUNICIPAL,PREFEITURA,PREFEITURA,"-23,6041931709","-46,5734034638",DUPLA,BOM,LUZ SOLAR,DUPLA,NAO DISPONIVEL,PLANO,SECA,ASFALTO,DUPLA,RETA,0,0,1,0,0,0,0,0,0,1,0,0,0,0,NÃO,NÃO,NÃO,SIM,NÃO,Vias Municipais,0,0,1,0,0,TARDE DE QUARTA,-23.6041931709,-46.5734034638
91984,2019-10-02,2,OUTUBRO,2019,2019.1,QUARTA,18:05,NOITE,SAO CAETANO DO SUL,Metropolitana de São Paulo,AVENIDA GOIAS,2020,MUNICIPAL,PREFEITURA,PREFEITURA,"-23,6167987","-46,5565728",DUPLA,BOM,NOITE (VIA ILUMINADA),ÚNICA,NAO DISPONIVEL,PLANO,SECA,ASFALTO,DUPLA,CURVA,0,0,1,0,1,0,0,0,0,1,1,0,0,0,NÃO,NÃO,NÃO,SIM,NÃO,Vias Municipais,0,0,1,0,0,NOITE DE QUARTA,-23.6167987,-46.5565728
633633,2019-09-29,29,SETEMBRO,2019,2019.09,DOMINGO,04:18,MADRUGADA,SAO CAETANO DO SUL,Metropolitana de São Paulo,RUA AFONSO PENA,538,MUNICIPAL,PREFEITURA,PREFEITURA,"-23,61585849","-46,562799716",SIMPLES,BOM,LUZ SOLAR,ÚNICA,NAO DISPONIVEL,PLANO,SECA,ASFALTO,SIMPLES,RETA,0,0,1,0,0,0,0,0,0,2,0,0,0,1,NÃO,NÃO,NÃO,SIM,NÃO,Vias Municipais,0,0,1,0,0,MADRUGADA DE DOMINGO,-23.61585849,-46.562799716
669507,2019-09-29,29,SETEMBRO,2019,2019.09,DOMINGO,19:02,NOITE,SAO CAETANO DO SUL,Metropolitana de São Paulo,ALAMEDA SAO CAETANO,1022,MUNICIPAL,PREFEITURA,PREFEITURA,"-23,6273010638","-46,5554448238",SIMPLES,BOM,NOITE (VIA ILUMINADA),ÚNICA,NAO DISPONIVEL,PLANO,SECA,ASFALTO,SIMPLES,RETA,0,0,1,0,1,0,0,0,0,3,1,0,0,0,NÃO,NÃO,NÃO,SIM,NÃO,Vias Municipais,0,0,1,0,0,NOITE DE DOMINGO,-23.6273010638,-46.5554448238
640289,2019-09-28,28,SETEMBRO,2019,2019.09,SÁBADO,10:09,MANHA,SAO CAETANO DO SUL,Metropolitana de São Paulo,RUA PIRATININGA,100,MUNICIPAL,PREFEITURA,PREFEITURA,"-23,6188943939","-46,5544593098",DUPLA,BOM,LUZ SOLAR,DUPLA,NAO DISPONIVEL,PLANO,SECA,ASFALTO,DUPLA,RETA,0,0,1,0,1,0,0,0,0,2,1,0,0,0,NÃO,NÃO,NÃO,SIM,NÃO,Vias Municipais,0,0,1,0,0,MANHA DE SÁBADO,-23.6188943939,-46.5544593098
650246,2019-09-28,28,SETEMBRO,2019,2019.09,SÁBADO,13:51,TARDE,SAO CAETANO DO SUL,Metropolitana de São Paulo,RUA AURELIA,101,MUNICIPAL,PREFEITURA,PREFEITURA,"-23,617587","-46,5566729",SIMPLES,BOM,NOITE (VIA ILUMINADA),DUPLA,NAO DISPONIVEL,PLANO,SECA,ASFALTO,SIMPLES,RETA,0,0,0,0,0,0,1,1,1,0,0,0,0,0,NÃO,NÃO,NÃO,SIM,NÃO,Vias Municipais,1,0,0,0,0,TARDE DE SÁBADO,-23.617587,-46.5566729
645585,2019-09-25,25,SETEMBRO,2019,2019.09,QUARTA,15:45,TARDE,SAO CAETANO DO SUL,Metropolitana de São Paulo,ALAMEDA TERRACOTA,547,MUNICIPAL,PREFEITURA,PREFEITURA,"-23,6304491968","-46,5815217051",DUPLA,BOM,LUZ SOLAR,DUPLA,NAO DISPONIVEL,PLANO,SECA,ASFALTO,DUPLA,CURVA,0,0,1,0,0,0,0,0,0,2,1,0,0,0,NÃO,NÃO,NÃO,SIM,NÃO,Vias Municipais,0,0,1,0,0,TARDE DE QUARTA,-23.6304491968,-46.5815217051
627117,2019-09-24,24,SETEMBRO,2019,2019.09,TERÇA,08:54,MANHA,SAO CAETANO DO SUL,Metropolitana de São Paulo,AVENIDA GOIAS,3000,MUNICIPAL,PREFEITURA,PREFEITURA,"-23,6164993186","-46,5637867482",MÚLTIPLA,BOM,LUZ SOLAR,ÚNICA,NAO DISPONIVEL,PLANO,SECA,ASFALTO,MULTIPLA,RETA,0,0,0,0,1,0,0,0,0,1,1,0,0,0,NÃO,NÃO,NÃO,SIM,NÃO,Vias Municipais,0,0,1,0,0,MANHA DE TERÇA,-23.6164993186,-46.5637867482
640856,2019-09-24,24,SETEMBRO,2019,2019.09,TERÇA,13:54,TARDE,SAO CAETANO DO SUL,Metropolitana de São Paulo,RUA AMAZONAS,10,MUNICIPAL,PREFEITURA,PREFEITURA,"-23,6111703122","-46,569538132",MÚLTIPLA,BOM,LUZ SOLAR,DUPLA,VIA NÃO SINALIZADA,PLANO,SECA,ASFALTO,MULTIPLA,RETA,0,0,1,0,1,0,0,0,0,1,1,0,0,0,NÃO,NÃO,NÃO,SIM,NÃO,Vias Municipais,0,0,1,0,0,TARDE DE TERÇA,-23.6111703122,-46.569538132
622189,2019-09-23,23,SETEMBRO,2019,2019.09,SEGUNDA,00:49,MADRUGADA,SAO CAETANO DO SUL,Metropolitana de São Paulo,RUA CEARA,10,MUNICIPAL,PREFEITURA,PREFEITURA,"-23,604180969","-46,5705441636",NAO DISPONIVEL,NAO DISPONIVEL,NAO DISPONIVEL,NAO DISPONIVEL,NAO DISPONIVEL,NAO DISPONIVEL,NAO DISPONIVEL,NAO DISPONIVEL,NAO DISPONIVEL,NAO DISPONIVEL,0,0,0,0,0,0,1,0,0,0,0,0,0,1,NÃO,SIM,NÃO,NÃO,NÃO,Vias Municipais,0,0,0,0,0,MADRUGADA DE SEGUNDA,-23.604180969,-46.5705441636
622187,2019-09-23,23,SETEMBRO,2019,2019.09,SEGUNDA,00:55,MADRUGADA,SAO CAETANO DO SUL,Metropolitana de São Paulo,AVENIDA DO ESTADO  DIVISA SAO PAULO,1000,MUNICIPAL,PREFEITURA,PREFEITURA,"-23,6018618453","-46,5739060174",NAO DISPONIVEL,NAO DISPONIVEL,NAO DISPONIVEL,NAO DISPONIVEL,NAO DISPONIVEL,NAO DISPONIVEL,NAO DISPONIVEL,NAO DISPONIVEL,NAO DISPONIVEL,NAO DISPONIVEL,0,0,0,0,0,0,1,0,0,0,0,0,0,1,NÃO,NÃO,NÃO,SIM,NÃO,Vias Municipais,0,0,0,0,0,MADRUGADA DE SEGUNDA,-23.6018618453,-46.5739060174
665516,2019-09-22,22,SETEMBRO,2019,2019.09,DOMINGO,18:48,NOITE,SAO CAETANO DO SUL,Metropolitana de São Paulo,AVENIDA GOIAS,500,MUNICIPAL,PREFEITURA,PREFEITURA,"-23,6231708988","-46,5484656006",NAO DISPONIVEL,NAO DISPONIVEL,NAO DISPONIVEL,NAO DISPONIVEL,NAO DISPONIVEL,NAO DISPONIVEL,NAO DISPONIVEL,NAO DISPONIVEL,NAO DISPONIVEL,NAO DISPONIVEL,0,0,0,0,0,0,1,0,0,0,0,0,0,1,NÃO,NÃO,NÃO,SIM,NÃO,Vias Municipais,0,0,0,0,0,NOITE DE DOMINGO,-23.6231708988,-46.5484656006
665594,2019-09-22,22,SETEMBRO,2019,2019.09,DOMINGO,18:50,NOITE,SAO CAETANO DO SUL,Metropolitana de São Paulo,RUA MANOEL COELHO,770,MUNICIPAL,PREFEITURA,PREFEITURA,"-23,6166657587","-46,5724646327",NAO DISPONIVEL,NAO DISPONIVEL,NAO DISPONIVEL,NAO DISPONIVEL,NAO DISPONIVEL,NAO DISPONIVEL,NAO DISPONIVEL,NAO DISPONIVEL,NAO DISPONIVEL,NAO DISPONIVEL,0,0,0,0,0,0,1,0,0,0,0,0,0,1,NÃO,NÃO,NÃO,SIM,NÃO,Vias Municipais,0,0,0,0,0,NOITE DE DOMINGO,-23.6166657587,-46.5724646327
675808,2019-09-22,22,SETEMBRO,2019,2019.09,DOMINGO,00:28,MADRUGADA,SAO CAETANO DO SUL,Metropolitana de São Paulo,AVENIDA GUIDO ALIBERTI,100,MUNICIPAL,PREFEITURA,PREFEITURA,"-23,6304491968","-46,5815217051",SIMPLES,BOM,NOITE (VIA ILUMINADA),DUPLA,NAO DISPONIVEL,PLANO,SECA,ASFALTO,SIMPLES,RETA,0,0,1,0,1,0,0,0,0,2,0,0,0,1,NÃO,NÃO,NÃO,SIM,NÃO,Vias Municipais,0,1,0,0,0,MADRUGADA DE DOMINGO,-23.6304491968,-46.5815217051
667928,2019-09-22,22,SETEMBRO,2019,2019.09,DOMINGO,18:30,NOITE,SAO CAETANO DO SUL,Metropolitana de São Paulo,RUA ALEGRE,1316,MUNICIPAL,PREFEITURA,PREFEITURA,NAO DISPONIVEL,NAO DISPONIVEL,MÚLTIPLA,CHUVA,NOITE (VIA ILUMINADA),ÚNICA,NAO DISPONIVEL,INCLINADO,MOLHADA,ASFALTO,MULTIPLA,CURVA,0,0,1,0,0,0,0,1,0,1,1,0,0,0,NÃO,NÃO,NÃO,SIM,NÃO,Vias Municipais,1,0,0,0,0,NOITE DE DOMINGO,-23.62306,-46.55111
657946,2019-09-21,21,SETEMBRO,2019,2019.09,SÁBADO,15:03,TARDE,SAO CAETANO DO SUL,Metropolitana de São Paulo,RUA OSVALDO CRUZ,NAO DISPONIVEL,MUNICIPAL,PREFEITURA,PREFEITURA,"-23,631984115","-46,567830832",SIMPLES,BOM,LUZ SOLAR,ÚNICA,NAO DISPONIVEL,PLANO,MOLHADA,ASFALTO,SIMPLES,CRUZAMENTO,0,0,1,0,0,0,0,0,0,3,2,0,0,0,NÃO,NÃO,NÃO,SIM,NÃO,Vias Municipais,0,0,1,0,0,TARDE DE SÁBADO,-23.631984115,-46.567830832
668000,2019-09-19,19,SETEMBRO,2019,2019.09,QUINTA,21:55,NOITE,SAO CAETANO DO SUL,Metropolitana de São Paulo,RUA AURELIA,101,MUNICIPAL,PREFEITURA,PREFEITURA,"-23,617587","-46,5566729",SIMPLES,BOM,NOITE (VIA ILUMINADA),ÚNICA,NAO DISPONIVEL,PLANO,SECA,ASFALTO,SIMPLES,CRUZAMENTO,0,0,1,0,0,0,0,1,0,2,1,0,0,0,NÃO,NÃO,NÃO,SIM,NÃO,Vias Municipais,1,0,0,0,0,NOITE DE QUINTA,-23.617587,-46.5566729
645845,2019-09-17,17,SETEMBRO,2019,2019.09,TERÇA,14:56,TARDE,SAO CAETANO DO SUL,Metropolitana de São Paulo,RUA SAO PAULO,21,MUNICIPAL,PREFEITURA,PREFEITURA,"-23,6221133622","-46,556702665",DUPLA,BOM,LUZ SOLAR,DUPLA,NAO DISPONIVEL,PLANO,SECA,ASFALTO,DUPLA,RETA,0,0,1,0,1,0,0,0,0,2,1,0,0,0,NÃO,NÃO,NÃO,SIM,NÃO,Vias Municipais,0,0,1,0,0,TARDE DE TERÇA,-23.6221133622,-46.556702665
644673,2019-09-14,14,SETEMBRO,2019,2019.09,SÁBADO,11:22,MANHA,SAO CAETANO DO SUL,Metropolitana de São Paulo,RUA ESTACIO DE SA,191,MUNICIPAL,PREFEITURA,PREFEITURA,"-23,6350184634","-46,5840064986",NAO DISPONIVEL,NAO DISPONIVEL,NAO DISPONIVEL,NAO DISPONIVEL,NAO DISPONIVEL,NAO DISPONIVEL,NAO DISPONIVEL,NAO DISPONIVEL,NAO DISPONIVEL,NAO DISPONIVEL,0,0,0,0,0,0,1,0,0,0,0,0,0,1,NÃO,NÃO,NÃO,SIM,NÃO,Vias Municipais,0,0,0,0,0,MANHA DE SÁBADO,-23.6350184634,-46.5840064986
661515,2019-09-14,14,SETEMBRO,2019,2019.09,SÁBADO,16:43,TARDE,SAO CAETANO DO SUL,Metropolitana de São Paulo,AVENIDA GOIAS,3560,MUNICIPAL,PREFEITURA,PREFEITURA,"-23,6163305178","-46,5659755165",SIMPLES,BOM,LUZ SOLAR,ÚNICA,NAO DISPONIVEL,INCLINADO,SECA,ASFALTO,SIMPLES,RETA,0,0,0,0,1,0,0,1,0,1,0,0,0,0,NÃO,NÃO,NÃO,SIM,NÃO,Vias Municipais,1,0,0,0,0,TARDE DE SÁBADO,-23.6163305178,-46.5659755165
971426,2019-09-14,14,SETEMBRO,2019,2019.09,SÁBADO,17:36,TARDE,SAO CAETANO DO SUL,Metropolitana de São Paulo,RUA AMAZONAS,832,MUNICIPAL,PREFEITURA,PREFEITURA,"-23,6186","-46,5694",NAO DISPONIVEL,NAO DISPONIVEL,NAO DISPONIVEL,NAO DISPONIVEL,NAO DISPONIVEL,NAO DISPONIVEL,NAO DISPONIVEL,NAO DISPONIVEL,NAO DISPONIVEL,NAO DISPONIVEL,0,0,1,0,0,0,0,0,0,0,0,0,0,0,SIM,NÃO,NÃO,NÃO,NÃO,Vias Municipais,0,0,0,0,0,TARDE DE SÁBADO,-23.6186,-46.5694
626264,2019-09-13,13,SETEMBRO,2019,2019.09,SEXTA,06:02,MANHA,SAO CAETANO DO SUL,Metropolitana de São Paulo,RUA PIAUI,891,MUNICIPAL,PREFEITURA,PREFEITURA,"-23,6190455346","-46,5682888885",SIMPLES,BOM,LUZ SOLAR,ÚNICA,NAO DISPONIVEL,PLANO,SECA,ASFALTO,SIMPLES,RETA,0,0,1,0,0,0,0,0,0,1,0,0,0,0,NÃO,NÃO,NÃO,SIM,NÃO,Vias Municipais,0,1,0,0,0,MANHA DE SEXTA,-23.6190455346,-46.5682888885
630157,2019-09-11,11,SETEMBRO,2019,2019.09,QUARTA,10:50,MANHA,SAO CAETANO DO SUL,Metropolitana de São Paulo,RUA RIBEIRO DE BARROS,208,MUNICIPAL,PREFEITURA,PREFEITURA,"-23,622600821","-46,5601463596",SIMPLES,BOM,LUZ SOLAR,ÚNICA,VIA NÃO SINALIZADA,INCLINADO,SECA,ASFALTO,SIMPLES,RETA,0,1,0,0,0,0,0,0,0,0,1,0,0,0,NÃO,NÃO,NÃO,SIM,NÃO,Vias Municipais,0,0,1,0,0,MANHA DE QUARTA,-23.622600821,-46.5601463596
628153,2019-09-11,11,SETEMBRO,2019,2019.09,QUARTA,07:42,MANHA,SAO CAETANO DO SUL,Metropolitana de São Paulo,AVENIDA GUIDO ALIBERTI,301,MUNICIPAL,PREFEITURA,PREFEITURA,"-23,6104182","-46,5798758",MÚLTIPLA,BOM,LUZ SOLAR,DUPLA,NAO DISPONIVEL,PLANO,SECA,ASFALTO,MULTIPLA,RETA,0,0,1,0,1,0,0,0,0,3,1,0,0,0,NÃO,NÃO,NÃO,SIM,NÃO,Vias Municipais,0,0,1,0,0,MANHA DE QUARTA,-23.6104182,-46.5798758
658050,2019-09-10,10,SETEMBRO,2019,2019.09,TERÇA,19:07,NOITE,SAO CAETANO DO SUL,Metropolitana de São Paulo,RUA MARGARIDA,NAO DISPONIVEL,MUNICIPAL,PREFEITURA,PREFEITURA,"-23,621281276","-46,578198069",SIMPLES,BOM,NOITE (VIA ILUMINADA),ÚNICA,VIA NÃO SINALIZADA,PLANO,SECA,ASFALTO,SIMPLES,CRUZAMENTO,0,0,1,0,0,0,0,1,1,1,0,0,0,0,NÃO,NÃO,NÃO,SIM,NÃO,Vias Municipais,1,0,0,0,0,NOITE DE TERÇA,-23.621281276,-46.578198069