ID,Data do Acidente,Dia do Acidente,Mês do Acidente,Ano do Acidente,Ano/Mês do Acidente,Dia da Semana,Hora do Acidente,Turno,Município,Região Administrativa,Logradouro,Numero/KM,Jurisdição,Administração,Conservação,LAT_(GEO),LONG_(GEO),Condições da pista,Condições Climáticas,Iluminação,Mão de direção,Obras na pista,Relevo,Superfície da via,Tipo de pavimento,Tipo de pista,Traçado,Veículos Envolvidos - Bicicleta,Veículos Envolvidos - Caminhão,Veículos Envolvidos - Automóvel,Veículos Envolvidos - Outros,Veículos Envolvidos - Motocicleta,Veículos Envolvidos - Ônibus,Veículos Envolvidos - ND,Veículos Envolvidos - Pedestre,Pessoas Envolvidas - Grave,Pessoas Envolvidas - Ileso,Pessoas Envolvidas - Leve,Pessoas Envolvidas - Fatal,Pessoas Envolvidas - Feridos,Pessoas Envolvidas - ND,Serviço de Atendimento - Bombeiro,Serviço de Atendimento - PMRV,Serviço de Atendimento - PRF,Serviço de Atendimento - Radio Patrulha,Servciço de Atendimento - CPTRAN,Tipo de Via,Tipo de Acidente - Atropelamento,Tipo de Acidente - Choque,Tipo de Acidente - Colisão,Tipo de Acidente - Outros tipos de Acidente,Tipo de Acidente - ND,Turno + Dia de Semana,latitude,longitude
657636,2019-09-10,10,SETEMBRO,2019,2019.09,TERÇA,19:08,NOITE,SAO CAETANO DO SUL,Metropolitana de São Paulo,RUA OLAVO BILAC,10,MUNICIPAL,PREFEITURA,PREFEITURA,"-23,6212901478","-46,5753111471",NAO DISPONIVEL,NAO DISPONIVEL,NAO DISPONIVEL,NAO DISPONIVEL,NAO DISPONIVEL,NAO DISPONIVEL,NAO DISPONIVEL,NAO DISPONIVEL,NAO DISPONIVEL,NAO DISPONIVEL,0,0,0,0,0,0,1,0,0,0,0,0,0,1,NÃO,SIM,NÃO,NÃO,NÃO,Vias Municipais,0,0,0,0,0,NOITE DE TERÇA,-23.6212901478,-46.5753111471
624650,2019-09-09,9,SETEMBRO,2019,2019.09,SEGUNDA,00:46,MADRUGADA,SAO CAETANO DO SUL,Metropolitana de São Paulo,RUA HELOISA PAMPLONA,700,MUNICIPAL,PREFEITURA,PREFEITURA,"-23,6062508836","-46,5726924042",SIMPLES,BOM,NOITE (VIA ILUMINADA),ÚNICA,NAO DISPONIVEL,PLANO,SECA,ASFALTO,SIMPLES,RETA,0,0,0,0,1,0,0,0,0,0,1,0,0,0,NÃO,NÃO,NÃO,SIM,NÃO,Vias Municipais,0,0,0,1,0,MADRUGADA DE SEGUNDA,-23.6062508836,-46.5726924042
632394,2019-09-09,9,SETEMBRO,2019,2019.09,SEGUNDA,08:55,MANHA,SAO CAETANO DO SUL,Metropolitana de São Paulo,AVENIDA VITAL BRASIL FILHO,142,MUNICIPAL,PREFEITURA,PREFEITURA,"-23,623249339","-46,5640673993",SIMPLES,BOM,LUZ SOLAR,DUPLA,NAO DISPONIVEL,PLANO,SECA,ASFALTO,SIMPLES,RETA,0,0,1,0,0,1,0,0,0,1,1,0,0,0,NÃO,NÃO,NÃO,SIM,NÃO,Vias Municipais,0,0,1,0,0,MANHA DE SEGUNDA,-23.623249339,-46.5640673993
657979,2019-09-08,8,SETEMBRO,2019,2019.09,DOMINGO,13:14,TARDE,SAO CAETANO DO SUL,Metropolitana de São Paulo,ESTRADA DAS LAGRIMAS,2929,MUNICIPAL,PREFEITURA,PREFEITURA,NAO DISPONIVEL,NAO DISPONIVEL,DUPLA,BOM,LUZ SOLAR,DUPLA,NAO DISPONIVEL,PLANO,SECA,ASFALTO,DUPLA,RETA,0,0,1,0,0,0,0,0,0,0,2,0,0,0,NÃO,NÃO,NÃO,SIM,NÃO,Vias Municipais,0,0,1,0,0,TARDE DE DOMINGO,-23.62306,-46.55111
661257,2019-09-08,8,SETEMBRO,2019,2019.09,DOMINGO,15:14,TARDE,SAO CAETANO DO SUL,Metropolitana de São Paulo,AVENIDA TIETE,419,MUNICIPAL,PREFEITURA,PREFEITURA,"-23,6417211099","-46,5657550442",NAO DISPONIVEL,NAO DISPONIVEL,NAO DISPONIVEL,NAO DISPONIVEL,NAO DISPONIVEL,NAO DISPONIVEL,NAO DISPONIVEL,NAO DISPONIVEL,NAO DISPONIVEL,NAO DISPONIVEL,0,0,0,0,0,0,1,0,0,0,0,0,0,1,NÃO,SIM,NÃO,NÃO,NÃO,Vias Municipais,0,0,0,0,0,TARDE DE DOMINGO,-23.6417211099,-46.5657550442
675548,2019-09-07,7,SETEMBRO,2019,2019.09,SÁBADO,21:30,NOITE,SAO CAETANO DO SUL,Metropolitana de São Paulo,AVENIDA GOIAS,NAO DISPONIVEL,MUNICIPAL,PREFEITURA,PREFEITURA,"-23,616423878","-46,560557215",SIMPLES,BOM,NOITE (VIA ILUMINADA),ÚNICA,NAO DISPONIVEL,INCLINADO,SECA,ASFALTO,SIMPLES,RETA,0,0,1,0,0,0,0,0,0,2,2,0,0,0,NÃO,NÃO,NÃO,SIM,NÃO,Vias Municipais,0,0,1,0,0,NOITE DE SÁBADO,-23.616423878,-46.560557215
968679,2019-09-07,7,SETEMBRO,2019,2019.09,SÁBADO,21:28,NOITE,SAO CAETANO DO SUL,Metropolitana de São Paulo,RUA TIRADENTES,113,MUNICIPAL,PREFEITURA,PREFEITURA,"-23,6209","-46,5604",NAO DISPONIVEL,NAO DISPONIVEL,NAO DISPONIVEL,NAO DISPONIVEL,NAO DISPONIVEL,NAO DISPONIVEL,NAO DISPONIVEL,NAO DISPONIVEL,NAO DISPONIVEL,NAO DISPONIVEL,0,0,1,0,0,0,0,0,0,0,0,0,0,0,SIM,NÃO,NÃO,NÃO,NÃO,Vias Municipais,0,0,0,0,0,NOITE DE SÁBADO,-23.6209,-46.5604
623296,2019-09-06,6,SETEMBRO,2019,2019.09,SEXTA,04:29,MADRUGADA,SAO CAETANO DO SUL,Metropolitana de São Paulo,AVENIDA GOIAS,2000,MUNICIPAL,PREFEITURA,PREFEITURA,"-23,6168551","-46,5569492",NAO DISPONIVEL,NAO DISPONIVEL,NAO DISPONIVEL,NAO DISPONIVEL,NAO DISPONIVEL,NAO DISPONIVEL,NAO DISPONIVEL,NAO DISPONIVEL,NAO DISPONIVEL,NAO DISPONIVEL,0,0,0,0,0,0,1,0,0,0,0,0,0,1,NÃO,SIM,NÃO,NÃO,NÃO,Vias Municipais,0,0,0,0,0,MADRUGADA DE SEXTA,-23.6168551,-46.5569492
968236,2019-09-06,6,SETEMBRO,2019,2019.09,SEXTA,14:52,TARDE,SAO CAETANO DO SUL,Metropolitana de São Paulo,ALAMEDA CONDE DE PORTO ALEGRE,1881,MUNICIPAL,PREFEITURA,PREFEITURA,"-23,644064394","-46,554791231",NAO DISPONIVEL,NAO DISPONIVEL,NAO DISPONIVEL,NAO DISPONIVEL,NAO DISPONIVEL,NAO DISPONIVEL,NAO DISPONIVEL,NAO DISPONIVEL,NAO DISPONIVEL,NAO DISPONIVEL,0,0,1,0,0,0,0,0,0,0,0,0,0,1,SIM,NÃO,NÃO,NÃO,NÃO,Vias Municipais,0,0,0,0,0,TARDE DE SEXTA,-23.644064394,-46.554791231
646388,2019-09-05,5,SETEMBRO,2019,2019.09,QUINTA,15:10,TARDE,SAO CAETANO DO SUL,Metropolitana de São Paulo,RUA GONZAGA,1,MUNICIPAL,PREFEITURA,PREFEITURA,"-23,62395826","-46,564063403",MÚLTIPLA,BOM,LUZ SOLAR,ÚNICA,NAO DISPONIVEL,PLANO,SECA,ASFALTO,MULTIPLA,RETA,0,0,1,0,1,0,0,0,0,1,2,0,0,0,NÃO,NÃO,NÃO,SIM,NÃO,Vias Municipais,0,0,1,0,0,TARDE DE QUINTA,-23.62395826,-46.564063403
625648,2019-09-04,4,SETEMBRO,2019,2019.09,QUARTA,07:06,MANHA,SAO CAETANO DO SUL,Metropolitana de São Paulo,AVENIDA PRESIDENTE WILSON,6741,MUNICIPAL,PREFEITURA,PREFEITURA,NAO DISPONIVEL,NAO DISPONIVEL,DUPLA,NEVOEIRO/NEBLINA,LUZ SOLAR,DUPLA,NAO DISPONIVEL,PLANO,MOLHADA,PARALELEPÍPEDO,DUPLA,RETA,0,0,1,0,1,0,0,0,0,2,0,0,0,0,NÃO,NÃO,NÃO,SIM,NÃO,Vias Municipais,0,0,1,0,0,MANHA DE QUARTA,-23.62306,-46.55111
652742,2019-09-04,4,SETEMBRO,2019,2019.09,QUARTA,18:36,NOITE,SAO CAETANO DO SUL,Metropolitana de São Paulo,RUA PRESTES MAIA,NAO DISPONIVEL,MUNICIPAL,PREFEITURA,PREFEITURA,"-23,641379675","-46,564942626",SIMPLES,BOM,LUZ SOLAR,ÚNICA,NAO DISPONIVEL,PLANO,SECA,ASFALTO,SIMPLES,CRUZAMENTO,0,0,1,0,0,0,0,1,0,0,1,0,0,0,NÃO,NÃO,NÃO,SIM,NÃO,Vias Municipais,1,0,0,0,0,NOITE DE QUARTA,-23.641379675,-46.564942626
660074,2019-09-03,3,SETEMBRO,2019,2019.09,TERÇA,20:37,NOITE,SAO CAETANO DO SUL,Metropolitana de São Paulo,RUA PERRELA,450,MUNICIPAL,PREFEITURA,PREFEITURA,"-23,607537975","-46,5735331865",SIMPLES,CHUVA,NOITE (VIA ILUMINADA),ÚNICA,NAO DISPONIVEL,PLANO,MOLHADA,ASFALTO,SIMPLES,RETA,0,0,0,0,1,0,0,1,0,1,0,0,0,0,NÃO,NÃO,NÃO,SIM,NÃO,Vias Municipais,1,0,0,0,0,NOITE DE TERÇA,-23.607537975,-46.5735331865
640556,2019-09-02,2,SETEMBRO,2019,2019.09,SEGUNDA,13:25,TARDE,SAO CAETANO DO SUL,Metropolitana de São Paulo,AVENIDA GOIAS,600,MUNICIPAL,PREFEITURA,PREFEITURA,"-23,6242969451","-46,5476478294",SIMPLES,BOM,LUZ SOLAR,ÚNICA,NAO DISPONIVEL,PLANO,SECA,ASFALTO,SIMPLES,RETA,0,0,1,0,1,0,0,0,0,1,1,0,0,0,NÃO,NÃO,NÃO,SIM,NÃO,Vias Municipais,0,0,1,0,0,TARDE DE SEGUNDA,-23.6242969451,-46.5476478294
622334,2019-08-31,31,AGOSTO,2019,2019.08,SÁBADO,23:59,NOITE,SAO CAETANO DO SUL,Metropolitana de São Paulo,"RUA BARAO DE MAUA  CERAMICA, SAO CAETANO DO",181,MUNICIPAL,PREFEITURA,PREFEITURA,"-23,63833711","-46,563983417",NAO DISPONIVEL,NAO DISPONIVEL,NAO DISPONIVEL,NAO DISPONIVEL,NAO DISPONIVEL,NAO DISPONIVEL,NAO DISPONIVEL,NAO DISPONIVEL,NAO DISPONIVEL,NAO DISPONIVEL,0,0,0,0,0,0,1,0,0,0,0,0,0,1,SIM,NÃO,NÃO,NÃO,NÃO,Vias Municipais,0,0,0,0,0,NOITE DE SÁBADO,-23.63833711,-46.563983417
966073,2019-08-31,31,AGOSTO,2019,2019.08,SÁBADO,08:25,MANHA,SAO CAETANO DO SUL,Metropolitana de São Paulo,AVENIDA DOUTOR AUGUSTO DE TOLEDO,582,MUNICIPAL,PREFEITURA,PREFEITURA,"-23,6273","-46,5668",NAO DISPONIVEL,NAO DISPONIVEL,NAO DISPONIVEL,NAO DISPONIVEL,NAO DISPONIVEL,NAO DISPONIVEL,NAO DISPONIVEL,NAO DISPONIVEL,NAO DISPONIVEL,NAO DISPONIVEL,0,0,1,0,0,0,0,0,0,0,0,0,0,0,SIM,NÃO,NÃO,NÃO,NÃO,Vias Municipais,0,0,0,0,0,MANHA DE SÁBADO,-23.6273,-46.5668
598974,2019-08-30,30,AGOSTO,2019,2019.08,SEXTA,07:02,MANHA,SAO CAETANO DO SUL,Metropolitana de São Paulo,VIADUTO DA INDEPENDENCIA,1,MUNICIPAL,PREFEITURA,PREFEITURA,NAO DISPONIVEL,NAO DISPONIVEL,NAO DISPONIVEL,NAO DISPONIVEL,NAO DISPONIVEL,NAO DISPONIVEL,NAO DISPONIVEL,NAO DISPONIVEL,NAO DISPONIVEL,NAO DISPONIVEL,NAO DISPONIVEL,NAO DISPONIVEL,0,0,0,0,0,0,1,0,0,0,0,0,0,1,NÃO,NÃO,NÃO,SIM,NÃO,Vias Municipais,0,0,0,0,0,MANHA DE SEXTA,-23.62306,-46.55111
599340,2019-08-30,30,AGOSTO,2019,2019.08,SEXTA,10:22,MANHA,SAO CAETANO DO SUL,Metropolitana de São Paulo,ACESSO AVENIDA DO ESTADO,2950,MUNICIPAL,PREFEITURA,PREFEITURA,"-23,6120356","-46,555989",SIMPLES,BOM,LUZ SOLAR,ÚNICA,VIA SINALIZADA,PLANO,SECA,ASFALTO,SIMPLES,RETA,0,1,0,0,1,0,0,0,0,2,0,0,0,0,NÃO,NÃO,NÃO,SIM,NÃO,Vias Municipais,0,0,1,0,0,MANHA DE SEXTA,-23.6120356,-46.555989
597186,2019-08-28,28,AGOSTO,2019,2019.08,QUARTA,14:27,TARDE,SAO CAETANO DO SUL,Metropolitana de São Paulo,RUA FLORIDA,637,MUNICIPAL,PREFEITURA,PREFEITURA,"-23,6222776887","-46,5531834052",DUPLA,BOM,LUZ SOLAR,DUPLA,NAO DISPONIVEL,PLANO,SECA,ASFALTO,DUPLA,RETA,0,0,1,0,0,0,0,0,0,3,1,0,0,0,NÃO,NÃO,NÃO,SIM,NÃO,Vias Municipais,0,0,0,1,0,TARDE DE QUARTA,-23.6222776887,-46.5531834052
596373,2019-08-28,28,AGOSTO,2019,2019.08,QUARTA,00:55,MADRUGADA,SAO CAETANO DO SUL,Metropolitana de São Paulo,AVENIDA PROSPERIDADE,100,MUNICIPAL,PREFEITURA,PREFEITURA,"-23,6151165056","-46,5456323864",DUPLA,BOM,NOITE (VIA ILUMINADA),DUPLA,NAO DISPONIVEL,PLANO,SECA,ASFALTO,DUPLA,RETA,0,0,1,0,0,0,0,0,0,1,1,0,0,0,NÃO,NÃO,NÃO,SIM,NÃO,Vias Municipais,0,0,1,0,0,MADRUGADA DE QUARTA,-23.6151165056,-46.5456323864
604213,2019-08-27,27,AGOSTO,2019,2019.08,TERÇA,18:30,NOITE,SAO CAETANO DO SUL,Metropolitana de São Paulo,NAO DISPONIVEL,NAO DISPONIVEL,NAO DISPONIVEL,NAO DISPONIVEL,NAO DISPONIVEL,NAO DISPONIVEL,NAO DISPONIVEL,SIMPLES,BOM,NOITE (VIA ILUMINADA),ÚNICA,NAO DISPONIVEL,INCLINADO,SECA,ASFALTO,SIMPLES,RETA,0,0,1,0,1,0,0,0,0,1,1,0,0,0,NÃO,NÃO,NÃO,SIM,NÃO,NAO DISPONIVEL,0,0,1,0,0,NOITE DE TERÇA,-23.62306,-46.55111
594946,2019-08-26,26,AGOSTO,2019,2019.08,SEGUNDA,17:17,TARDE,SAO CAETANO DO SUL,Metropolitana de São Paulo,RUA BRAS CUBAS,873,MUNICIPAL,PREFEITURA,PREFEITURA,"-23,64284159","-46,579476087",SIMPLES,BOM,LUZ SOLAR,DUPLA,NAO DISPONIVEL,PLANO,SECA,ASFALTO,SIMPLES,RETA,0,0,1,0,0,0,0,0,0,0,1,0,0,0,NÃO,NÃO,NÃO,SIM,NÃO,Vias Municipais,0,1,0,0,0,TARDE DE SEGUNDA,-23.64284159,-46.579476087
620435,2019-08-25,25,AGOSTO,2019,2019.08,DOMINGO,22:47,NOITE,SAO CAETANO DO SUL,Metropolitana de São Paulo,AVENIDA GOIAS,2050,MUNICIPAL,PREFEITURA,PREFEITURA,"-23,6168962","-46,5564788",DUPLA,BOM,NOITE (VIA ILUMINADA),DUPLA,NAO DISPONIVEL,INCLINADO,SECA,ASFALTO,DUPLA,CURVA,1,0,0,0,1,0,0,0,0,1,1,0,0,0,NÃO,NÃO,NÃO,SIM,NÃO,Vias Municipais,0,0,1,0,0,NOITE DE DOMINGO,-23.6168962,-46.5564788
621190,2019-08-25,25,AGOSTO,2019,2019.08,DOMINGO,21:48,NOITE,SAO CAETANO DO SUL,Metropolitana de São Paulo,RUA ABERNESIA,NAO DISPONIVEL,MUNICIPAL,PREFEITURA,PREFEITURA,"-23,64333157","-46,553309009",SIMPLES,BOM,NOITE (VIA NÃO ILUMINADA),ÚNICA,NAO DISPONIVEL,INCLINADO,SECA,ASFALTO,SIMPLES,CRUZAMENTO,0,0,1,0,1,0,0,0,0,1,1,0,0,0,NÃO,NÃO,NÃO,SIM,NÃO,Vias Municipais,0,0,1,0,0,NOITE DE DOMINGO,-23.64333157,-46.553309009
591833,2019-08-24,24,AGOSTO,2019,2019.08,SÁBADO,00:05,MADRUGADA,SAO CAETANO DO SUL,Metropolitana de São Paulo,AVENIDA CONDE FRANCISCO MATARAZZO,100,MUNICIPAL,PREFEITURA,PREFEITURA,"-23,6054443661","-46,5703559474",DUPLA,BOM,NOITE (VIA ILUMINADA),ÚNICA,NAO DISPONIVEL,PLANO,SECA,ASFALTO,DUPLA,CRUZAMENTO,0,0,1,0,0,0,0,0,0,2,1,0,0,0,NÃO,NÃO,NÃO,SIM,NÃO,Vias Municipais,0,0,1,0,0,MADRUGADA DE SÁBADO,-23.6054443661,-46.5703559474
591033,2019-08-23,23,AGOSTO,2019,2019.08,SEXTA,12:15,TARDE,SAO CAETANO DO SUL,Metropolitana de São Paulo,RUA TAPAJOS,551,MUNICIPAL,PREFEITURA,PREFEITURA,"-23,6231642001","-46,552637553",DUPLA,BOM,LUZ SOLAR,DUPLA,NAO DISPONIVEL,PLANO,SECA,ASFALTO,DUPLA,CRUZAMENTO,1,0,1,0,0,0,0,0,0,1,1,0,0,0,NÃO,NÃO,NÃO,SIM,NÃO,Vias Municipais,1,0,0,0,0,TARDE DE SEXTA,-23.6231642001,-46.552637553
592508,2019-08-22,22,AGOSTO,2019,2019.08,QUINTA,21:20,NOITE,SAO CAETANO DO SUL,Metropolitana de São Paulo,ACESSO AVENIDA DO ESTADO,4106,MUNICIPAL,PREFEITURA,PREFEITURA,"-23,6082468","-46,5467536",SIMPLES,BOM,NOITE (VIA ILUMINADA),ÚNICA,NAO DISPONIVEL,PLANO,SECA,ASFALTO,SIMPLES,RETA,0,0,1,0,0,0,0,0,0,1,1,0,0,0,NÃO,NÃO,NÃO,SIM,NÃO,Vias Municipais,0,0,1,0,0,NOITE DE QUINTA,-23.6082468,-46.5467536
588302,2019-08-21,21,AGOSTO,2019,2019.08,QUARTA,12:39,TARDE,SAO CAETANO DO SUL,Metropolitana de São Paulo,AVENIDA GUIDO ALIBERTI,4811,MUNICIPAL,PREFEITURA,PREFEITURA,"-23,6317370796","-46,5818759974",MÚLTIPLA,BOM,LUZ SOLAR,DUPLA,NAO DISPONIVEL,PLANO,SECA,ASFALTO,MULTIPLA,ROTATÓRIA,0,0,1,0,1,0,0,0,0,1,1,0,0,0,NÃO,NÃO,NÃO,SIM,NÃO,Vias Municipais,0,0,1,0,0,TARDE DE QUARTA,-23.6317370796,-46.5818759974
587756,2019-08-21,21,AGOSTO,2019,2019.08,QUARTA,03:35,MADRUGADA,SAO CAETANO DO SUL,Metropolitana de São Paulo,RUA MAXIMILIANO LORENZINE,NAO DISPONIVEL,MUNICIPAL,PREFEITURA,PREFEITURA,"-23,602589438","-46,575973003",SIMPLES,BOM,NOITE (VIA ILUMINADA),ÚNICA,NAO DISPONIVEL,PLANO,SECA,ASFALTO,SIMPLES,CURVA,0,0,0,0,1,0,0,0,0,0,1,0,0,0,NÃO,NÃO,NÃO,SIM,NÃO,Vias Municipais,0,0,0,1,0,MADRUGADA DE QUARTA,-23.602589438,-46.575973003
621772,2019-08-19,19,AGOSTO,2019,2019.08,SEGUNDA,20:28,NOITE,SAO CAETANO DO SUL,Metropolitana de São Paulo,RUA RIO GRANDE DO SUL,1147,MUNICIPAL,PREFEITURA,PREFEITURA,"-23,6142302302","-46,5710646749",SIMPLES,CHUVA,NOITE (VIA ILUMINADA),ÚNICA,NAO DISPONIVEL,PLANO,MOLHADA,ASFALTO,SIMPLES,RETA,0,0,1,0,1,0,0,0,0,1,1,0,0,0,NÃO,NÃO,NÃO,SIM,NÃO,Vias Municipais,0,1,0,0,0,NOITE DE SEGUNDA,-23.6142302302,-46.5710646749
962945,2019-08-19,19,AGOSTO,2019,2019.08,SEGUNDA,18:27,NOITE,SAO CAETANO DO SUL,Metropolitana de São Paulo,RUA RAFAEL CORREA SAMPAIO,1350,MUNICIPAL,PREFEITURA,PREFEITURA,NAO DISPONIVEL,NAO DISPONIVEL,NAO DISPONIVEL,NAO DISPONIVEL,NAO DISPONIVEL,NAO DISPONIVEL,NAO DISPONIVEL,NAO DISPONIVEL,NAO DISPONIVEL,NAO DISPONIVEL,NAO DISPONIVEL,NAO DISPONIVEL,0,0,1,0,0,0,0,0,0,0,0,0,0,0,SIM,NÃO,NÃO,NÃO,NÃO,Vias Municipais,0,0,0,0,0,NOITE DE SEGUNDA,-23.62306,-46.55111
584385,2019-08-18,18,AGOSTO,2019,2019.08,DOMINGO,03:56,MADRUGADA,SAO CAETANO DO SUL,Metropolitana de São Paulo,AVENIDA GUIDO ALIBERTI,100,MUNICIPAL,PREFEITURA,PREFEITURA,"-23,6304491968","-46,5815217051",NAO DISPONIVEL,NAO DISPONIVEL,NAO DISPONIVEL,NAO DISPONIVEL,NAO DISPONIVEL,NAO DISPONIVEL,NAO DISPONIVEL,NAO DISPONIVEL,NAO DISPONIVEL,NAO DISPONIVEL,0,0,0,0,0,0,1,0,0,0,0,0,0,1,NÃO,NÃO,NÃO,SIM,NÃO,Vias Municipais,0,0,0,0,0,MADRUGADA DE DOMINGO,-23.6304491968,-46.5815217051
581024,2019-08-15,15,AGOSTO,2019,2019.08,QUINTA,11:50,MANHA,SAO CAETANO DO SUL,Metropolitana de São Paulo,RUA ORIENTE,NAO DISPONIVEL,MUNICIPAL,PREFEITURA,PREFEITURA,"-23,623214758","-46,549775824",NAO DISPONIVEL,NAO DISPONIVEL,NAO DISPONIVEL,NAO DISPONIVEL,NAO DISPONIVEL,NAO DISPONIVEL,NAO DISPONIVEL,NAO DISPONIVEL,NAO DISPONIVEL,NAO DISPONIVEL,0,0,0,0,0,0,1,0,0,0,0,0,0,1,SIM,NÃO,NÃO,NÃO,NÃO,Vias Municipais,0,0,0,0,0,MANHA DE QUINTA,-23.623214758,-46.549775824
576958,2019-08-12,12,AGOSTO,2019,2019.08,SEGUNDA,09:09,MANHA,SAO CAETANO DO SUL,Metropolitana de São Paulo,AVENIDA GUIDO ALIBERTI,10,MUNICIPAL,PREFEITURA,PREFEITURA,"-23,6312509015","-46,5817304098",NAO DISPONIVEL,NAO DISPONIVEL,NAO DISPONIVEL,NAO DISPONIVEL,NAO DISPONIVEL,NAO DISPONIVEL,NAO DISPONIVEL,NAO DISPONIVEL,NAO DISPONIVEL,NAO DISPONIVEL,0,0,0,0,0,0,1,0,0,0,0,0,0,1,NÃO,NÃO,NÃO,SIM,NÃO,Vias Municipais,0,0,0,0,0,MANHA DE SEGUNDA,-23.6312509015,-46.5817304098
576569,2019-08-11,11,AGOSTO,2019,2019.08,DOMINGO,11:16,MANHA,SAO CAETANO DO SUL,Metropolitana de São Paulo,RUA MARANHAO,1440,MUNICIPAL,PREFEITURA,PREFEITURA,"-23,6210690334","-46,5702725273",SIMPLES,BOM,LUZ SOLAR,ÚNICA,NAO DISPONIVEL,INCLINADO,SECA,ASFALTO,SIMPLES,RETA,0,0,1,0,1,0,0,0,0,1,0,0,0,0,NÃO,NÃO,NÃO,SIM,NÃO,Vias Municipais,0,0,1,0,0,MANHA DE DOMINGO,-23.6210690334,-46.5702725273
615576,2019-08-11,11,AGOSTO,2019,2019.08,DOMINGO,18:39,NOITE,SAO CAETANO DO SUL,Metropolitana de São Paulo,RUA GUAIAMU,377,MUNICIPAL,PREFEITURA,PREFEITURA,"-23,6327109767","-46,5506176551",DUPLA,BOM,NOITE (VIA ILUMINADA),DUPLA,NAO DISPONIVEL,PLANO,SECA,ASFALTO,DUPLA,RETA,0,0,0,0,0,0,1,0,0,0,0,0,0,1,SIM,NÃO,NÃO,NÃO,NÃO,Vias Municipais,0,1,0,0,0,NOITE DE DOMINGO,-23.6327109767,-46.5506176551
621553,2019-08-10,10,AGOSTO,2019,2019.08,SÁBADO,23:47,NOITE,SAO CAETANO DO SUL,Metropolitana de São Paulo,TRAVESSA DA PAZ,10,MUNICIPAL,PREFEITURA,PREFEITURA,"-23,6176102337","-46,5566979267",SIMPLES,BOM,NOITE (VIA ILUMINADA),DUPLA,NAO DISPONIVEL,PLANO,SECA,ASFALTO,SIMPLES,RETA,0,0,0,0,0,0,1,1,0,1,1,0,0,0,NÃO,NÃO,NÃO,SIM,NÃO,Vias Municipais,1,0,0,0,0,NOITE DE SÁBADO,-23.6176102337,-46.5566979267
610606,2019-08-09,9,AGOSTO,2019,2019.08,SEXTA,20:09,NOITE,SAO CAETANO DO SUL,Metropolitana de São Paulo,AVENIDA TIETE,614,MUNICIPAL,PREFEITURA,PREFEITURA,"-23,6429872572","-46,5665126265",DUPLA,BOM,NOITE (VIA ILUMINADA),DUPLA,NAO DISPONIVEL,PLANO,SECA,ASFALTO,DUPLA,RETA,0,0,1,0,0,0,0,0,0,3,0,0,0,0,NÃO,NÃO,NÃO,SIM,NÃO,Vias Municipais,0,1,0,0,0,NOITE DE SEXTA,-23.6429872572,-46.5665126265
613454,2019-08-07,7,AGOSTO,2019,2019.08,QUARTA,22:30,NOITE,SAO CAETANO DO SUL,Metropolitana de São Paulo,RUA SAO SEBASTIAO,97,MUNICIPAL,PREFEITURA,PREFEITURA,"-23,6447823727","-46,5758072687",DUPLA,BOM,NOITE (VIA ILUMINADA),DUPLA,NAO DISPONIVEL,PLANO,SECA,ASFALTO,DUPLA,RETA,0,0,0,0,0,0,1,0,0,0,0,0,0,1,SIM,NÃO,NÃO,NÃO,NÃO,Vias Municipais,0,1,0,0,0,NOITE DE QUARTA,-23.6447823727,-46.5758072687
572357,2019-08-07,7,AGOSTO,2019,2019.08,QUARTA,15:38,TARDE,SAO CAETANO DO SUL,Metropolitana de São Paulo,RUA SERAFIM CONSTANTINO,1,MUNICIPAL,PREFEITURA,PREFEITURA,"-23,610417539","-46,571110556",DUPLA,BOM,LUZ SOLAR,ÚNICA,NAO DISPONIVEL,LOMBADA,SECA,ASFALTO,DUPLA,RETA,0,0,1,0,0,0,0,1,0,0,2,0,0,0,NÃO,NÃO,NÃO,SIM,NÃO,Vias Municipais,1,0,0,0,0,TARDE DE QUARTA,-23.610417539,-46.571110556
570873,2019-08-06,6,AGOSTO,2019,2019.08,TERÇA,14:37,TARDE,SAO CAETANO DO SUL,Metropolitana de São Paulo,ALAMEDA SAO CAETANO,900,MUNICIPAL,PREFEITURA,PREFEITURA,"-23,6282816517","-46,5548478389",MÚLTIPLA,BOM,LUZ SOLAR,ÚNICA,NAO DISPONIVEL,INCLINADO,SECA,ASFALTO,MULTIPLA,CRUZAMENTO,0,0,1,0,1,0,0,0,0,1,1,0,0,0,NÃO,NÃO,NÃO,SIM,NÃO,Vias Municipais,0,0,1,0,0,TARDE DE TERÇA,-23.6282816517,-46.5548478389