ID,Data do Acidente,Dia do Acidente,Mês do Acidente,Ano do Acidente,Ano/Mês do Acidente,Dia da Semana,Hora do Acidente,Turno,Município,Região Administrativa,Logradouro,Numero/KM,Jurisdição,Administração,Conservação,LAT_(GEO),LONG_(GEO),Condições da pista,Condições Climáticas,Iluminação,Mão de direção,Obras na pista,Relevo,Superfície da via,Tipo de pavimento,Tipo de pista,Traçado,Veículos Envolvidos - Bicicleta,Veículos Envolvidos - Caminhão,Veículos Envolvidos - Automóvel,Veículos Envolvidos - Outros,Veículos Envolvidos - Motocicleta,Veículos Envolvidos - Ônibus,Veículos Envolvidos - ND,Veículos Envolvidos - Pedestre,Pessoas Envolvidas - Grave,Pessoas Envolvidas - Ileso,Pessoas Envolvidas - Leve,Pessoas Envolvidas - Fatal,Pessoas Envolvidas - Feridos,Pessoas Envolvidas - ND,Serviço de Atendimento - Bombeiro,Serviço de Atendimento - PMRV,Serviço de Atendimento - PRF,Serviço de Atendimento - Radio Patrulha,Servciço de Atendimento - CPTRAN,Tipo de Via,Tipo de Acidente - Atropelamento,Tipo de Acidente - Choque,Tipo de Acidente - Colisão,Tipo de Acidente - Outros tipos de Acidente,Tipo de Acidente - ND,Turno + Dia de Semana,latitude,longitude
570825,2019-08-06,6,AGOSTO,2019,2019.08,TERÇA,13:57,TARDE,SAO CAETANO DO SUL,Metropolitana de São Paulo,PRACA LIONS CLUBE,1166,MUNICIPAL,PREFEITURA,PREFEITURA,"-23,609845263","-46,567289499",SIMPLES,BOM,LUZ SOLAR,DUPLA,NAO DISPONIVEL,PLANO,SECA,ASFALTO,SIMPLES,RETA,0,0,0,0,1,0,0,0,1,1,0,0,0,0,NÃO,NÃO,NÃO,SIM,NÃO,Vias Municipais,0,0,0,1,0,TARDE DE TERÇA,-23.609845263,-46.567289499
569088,2019-08-05,5,AGOSTO,2019,2019.08,SEGUNDA,11:09,MANHA,SAO CAETANO DO SUL,Metropolitana de São Paulo,RUA FRANCISCO FALSARANO,121,MUNICIPAL,PREFEITURA,PREFEITURA,"-23,6085853001","-46,5795704843",DUPLA,BOM,LUZ SOLAR,DUPLA,NAO DISPONIVEL,PLANO,SECA,ASFALTO,DUPLA,RETA,0,1,0,0,1,0,0,0,0,1,1,0,0,0,NÃO,NÃO,NÃO,SIM,NÃO,Vias Municipais,0,0,0,1,0,MANHA DE SEGUNDA,-23.6085853001,-46.5795704843
567413,2019-08-03,3,AGOSTO,2019,2019.08,SÁBADO,13:09,TARDE,SAO CAETANO DO SUL,Metropolitana de São Paulo,RUA CASEMIRO DE ABREU,15,MUNICIPAL,PREFEITURA,PREFEITURA,"-23,6257321699","-46,5695139863",NAO DISPONIVEL,NAO DISPONIVEL,NAO DISPONIVEL,NAO DISPONIVEL,NAO DISPONIVEL,NAO DISPONIVEL,NAO DISPONIVEL,NAO DISPONIVEL,NAO DISPONIVEL,NAO DISPONIVEL,0,0,0,0,0,0,1,0,0,0,0,0,0,1,NÃO,NÃO,NÃO,SIM,NÃO,Vias Municipais,0,0,0,0,0,TARDE DE SÁBADO,-23.6257321699,-46.5695139863
619434,2019-08-03,3,AGOSTO,2019,2019.08,SÁBADO,23:36,NOITE,SAO CAETANO DO SUL,Metropolitana de São Paulo,RUA HUMBERTO DE CAMPOS,159,MUNICIPAL,PREFEITURA,PREFEITURA,"-23,6356529785","-46,5761912828",SIMPLES,BOM,NOITE (VIA ILUMINADA),DUPLA,NAO DISPONIVEL,PLANO,MOLHADA,ASFALTO,SIMPLES,RETA,0,0,0,0,0,0,1,1,1,0,0,0,0,0,NÃO,NÃO,NÃO,SIM,NÃO,Vias Municipais,1,0,0,0,0,NOITE DE SÁBADO,-23.6356529785,-46.5761912828
565625,2019-08-02,2,AGOSTO,2019,2019.08,SEXTA,06:14,MANHA,SAO CAETANO DO SUL,Metropolitana de São Paulo,RUA ALEGRE,75,MUNICIPAL,PREFEITURA,PREFEITURA,"-23,6172449281","-46,5554214031",MÚLTIPLA,BOM,LUZ SOLAR,ÚNICA,VIA SINALIZADA,PLANO,SECA,ASFALTO,MULTIPLA,RETA,0,0,1,0,0,0,0,0,0,2,0,0,0,0,NÃO,NÃO,NÃO,SIM,NÃO,Vias Municipais,0,0,1,0,0,MANHA DE SEXTA,-23.6172449281,-46.5554214031
566321,2019-08-02,2,AGOSTO,2019,2019.08,SEXTA,14:12,TARDE,SAO CAETANO DO SUL,Metropolitana de São Paulo,AVENIDA GUIDO ALIBERTI,100,MUNICIPAL,PREFEITURA,PREFEITURA,"-23,6304491968","-46,5815217051",DUPLA,BOM,LUZ SOLAR,DUPLA,NAO DISPONIVEL,PLANO,SECA,ASFALTO,DUPLA,RETA,0,0,1,0,0,0,0,0,0,0,1,0,0,0,NÃO,NÃO,NÃO,SIM,NÃO,Vias Municipais,0,0,1,0,0,TARDE DE SEXTA,-23.6304491968,-46.5815217051
612835,2019-08-02,2,AGOSTO,2019,2019.08,SEXTA,20:43,NOITE,SAO CAETANO DO SUL,Metropolitana de São Paulo,ALAMEDA CONDE DE PORTO ALEGRE,2051,MUNICIPAL,PREFEITURA,PREFEITURA,"-23,644064394","-46,554791231",DUPLA,CHUVA,NOITE (VIA ILUMINADA),DUPLA,NAO DISPONIVEL,PLANO,MOLHADA,ASFALTO,DUPLA,CRUZAMENTO,0,0,0,0,1,0,0,0,0,0,1,0,0,0,NÃO,NÃO,NÃO,SIM,NÃO,Vias Municipais,0,0,1,0,0,NOITE DE SEXTA,-23.644064394,-46.554791231
564501,2019-08-01,1,AGOSTO,2019,2019.08,QUINTA,08:18,MANHA,SAO CAETANO DO SUL,Metropolitana de São Paulo,NELSON BRAIDO,100,MUNICIPAL,PREFEITURA,PREFEITURA,"-23,6312509015","-46,5817304098",DUPLA,BOM,LUZ SOLAR,DUPLA,NAO DISPONIVEL,PLANO,SECA,ASFALTO,DUPLA,CRUZAMENTO,0,0,1,0,1,0,0,0,0,1,1,0,0,1,NÃO,NÃO,NÃO,SIM,NÃO,Vias Municipais,0,0,1,0,0,MANHA DE QUINTA,-23.6312509015,-46.5817304098
540639,2019-07-30,30,JULHO,2019,2019.07,TERÇA,18:07,NOITE,SAO CAETANO DO SUL,Metropolitana de São Paulo,RUA NELI PELEGRINO,475,MUNICIPAL,PREFEITURA,PREFEITURA,"-23,639419622","-46,5684710248",NAO DISPONIVEL,NAO DISPONIVEL,NAO DISPONIVEL,NAO DISPONIVEL,NAO DISPONIVEL,NAO DISPONIVEL,NAO DISPONIVEL,NAO DISPONIVEL,NAO DISPONIVEL,NAO DISPONIVEL,0,0,0,0,0,0,1,0,0,0,0,0,0,1,NÃO,NÃO,NÃO,SIM,NÃO,Vias Municipais,0,0,0,0,0,NOITE DE TERÇA,-23.639419622,-46.5684710248
541726,2019-07-29,29,JULHO,2019,2019.07,SEGUNDA,17:54,TARDE,SAO CAETANO DO SUL,Metropolitana de São Paulo,ALAMEDA SAO CAETANO,1023,MUNICIPAL,PREFEITURA,PREFEITURA,"-23,6272849886","-46,5554546104",SIMPLES,BOM,ENTARDECER/AMANHECER,ÚNICA,NAO DISPONIVEL,INCLINADO,SECA,ASFALTO,SIMPLES,RETA,1,0,1,0,0,0,0,0,0,4,0,0,0,0,NÃO,NÃO,NÃO,SIM,NÃO,Vias Municipais,0,0,1,0,0,TARDE DE SEGUNDA,-23.6272849886,-46.5554546104
553242,2019-07-28,28,JULHO,2019,2019.07,DOMINGO,15:41,TARDE,SAO CAETANO DO SUL,Metropolitana de São Paulo,ALAMEDA PORCELANA,55,MUNICIPAL,PREFEITURA,PREFEITURA,"-23,6270099035","-46,5650198469",SIMPLES,BOM,LUZ SOLAR,DUPLA,NAO DISPONIVEL,PLANO,SECA,ASFALTO,SIMPLES,RETA,0,0,1,0,0,0,0,0,0,2,1,0,0,0,NÃO,NÃO,NÃO,SIM,NÃO,Vias Municipais,0,0,1,0,0,TARDE DE DOMINGO,-23.6270099035,-46.5650198469
529213,2019-07-27,27,JULHO,2019,2019.07,SÁBADO,08:33,MANHA,SAO CAETANO DO SUL,Metropolitana de São Paulo,PRACA DA RIQUEZA,41,MUNICIPAL,PREFEITURA,PREFEITURA,"-23,6095043211","-46,5497756598",SIMPLES,BOM,LUZ SOLAR,ÚNICA,NAO DISPONIVEL,PLANO,SECA,ASFALTO,SIMPLES,ROTATÓRIA,0,0,1,0,0,0,0,1,0,1,1,0,0,0,NÃO,NÃO,NÃO,SIM,NÃO,Vias Municipais,1,0,0,0,0,MANHA DE SÁBADO,-23.6095043211,-46.5497756598
537277,2019-07-24,24,JULHO,2019,2019.07,QUARTA,16:01,TARDE,SAO CAETANO DO SUL,Metropolitana de São Paulo,RUA PIRATININGA,12,MUNICIPAL,PREFEITURA,PREFEITURA,"-23,6193418075","-46,5552014625",SIMPLES,BOM,LUZ SOLAR,DUPLA,NAO DISPONIVEL,PLANO,SECA,PARALELEPÍPEDO,SIMPLES,CURVA,0,0,0,0,1,0,0,0,0,0,1,0,0,0,NÃO,NÃO,NÃO,SIM,NÃO,Vias Municipais,0,0,0,1,0,TARDE DE QUARTA,-23.6193418075,-46.5552014625
540248,2019-07-23,23,JULHO,2019,2019.07,TERÇA,17:34,TARDE,SAO CAETANO DO SUL,Metropolitana de São Paulo,AVENIDA PROSPERIDADE,774,MUNICIPAL,PREFEITURA,PREFEITURA,"-23,6113087457","-46,5489151299",SIMPLES,BOM,NOITE (VIA ILUMINADA),DUPLA,NAO DISPONIVEL,PLANO,SECA,ASFALTO,SIMPLES,ROTATÓRIA,0,0,1,0,1,0,0,0,0,1,1,0,0,0,NÃO,NÃO,NÃO,SIM,NÃO,Vias Municipais,0,0,1,0,0,TARDE DE TERÇA,-23.6113087457,-46.5489151299
527479,2019-07-22,22,JULHO,2019,2019.07,SEGUNDA,12:38,TARDE,SAO CAETANO DO SUL,Metropolitana de São Paulo,AVENIDA GAGO COUTINHO,1192,MUNICIPAL,PREFEITURA,PREFEITURA,"-23,6459192574","-46,5550665412",NAO DISPONIVEL,NAO DISPONIVEL,NAO DISPONIVEL,NAO DISPONIVEL,NAO DISPONIVEL,NAO DISPONIVEL,NAO DISPONIVEL,NAO DISPONIVEL,NAO DISPONIVEL,NAO DISPONIVEL,0,0,0,0,0,0,1,0,0,0,0,0,0,1,NÃO,NÃO,NÃO,SIM,NÃO,Vias Municipais,0,0,0,0,0,TARDE DE SEGUNDA,-23.6459192574,-46.5550665412
529268,2019-07-22,22,JULHO,2019,2019.07,SEGUNDA,13:20,TARDE,SAO CAETANO DO SUL,Metropolitana de São Paulo,RUA NELSOM,1033,MUNICIPAL,PREFEITURA,PREFEITURA,"-23,649933248","-46,56766857",NAO DISPONIVEL,NAO DISPONIVEL,NAO DISPONIVEL,NAO DISPONIVEL,NAO DISPONIVEL,NAO DISPONIVEL,NAO DISPONIVEL,NAO DISPONIVEL,NAO DISPONIVEL,NAO DISPONIVEL,0,0,1,0,0,0,0,0,0,0,0,0,0,0,NÃO,NÃO,NÃO,SIM,NÃO,Vias Municipais,0,0,0,0,0,TARDE DE SEGUNDA,-23.649933248,-46.56766857
955609,2019-07-20,20,JULHO,2019,2019.07,SÁBADO,13:45,TARDE,SAO CAETANO DO SUL,Metropolitana de São Paulo,AVENIDA GOIAS,585,MUNICIPAL,PREFEITURA,PREFEITURA,"-23,6244169783","-46,547560529",NAO DISPONIVEL,NAO DISPONIVEL,NAO DISPONIVEL,NAO DISPONIVEL,NAO DISPONIVEL,NAO DISPONIVEL,NAO DISPONIVEL,NAO DISPONIVEL,NAO DISPONIVEL,NAO DISPONIVEL,0,0,0,0,0,0,1,0,0,0,0,0,0,0,SIM,NÃO,NÃO,NÃO,NÃO,Vias Municipais,0,0,0,0,0,TARDE DE SÁBADO,-23.6244169783,-46.547560529
519979,2019-07-18,18,JULHO,2019,2019.07,QUINTA,10:36,MANHA,SAO CAETANO DO SUL,Metropolitana de São Paulo,RUA VISCONDE DE INHAUMA,129,MUNICIPAL,PREFEITURA,PREFEITURA,"-23,630016325","-46,5665246795",DUPLA,BOM,LUZ SOLAR,DUPLA,NAO DISPONIVEL,PLANO,SECA,ASFALTO,DUPLA,CRUZAMENTO,0,0,1,0,1,1,0,0,0,4,2,0,0,0,NÃO,NÃO,NÃO,SIM,NÃO,Vias Municipais,0,0,0,1,0,MANHA DE QUINTA,-23.630016325,-46.5665246795
546936,2019-07-17,17,JULHO,2019,2019.07,QUARTA,20:07,NOITE,SAO CAETANO DO SUL,Metropolitana de São Paulo,RUA ENGENHEIRO ARMANDO DE ARRUDA PEREIRA,1100,MUNICIPAL,PREFEITURA,PREFEITURA,"-23,632455","-46,5766037",DUPLA,BOM,NOITE (VIA ILUMINADA),ÚNICA,NAO DISPONIVEL,PLANO,SECA,ASFALTO,DUPLA,RETA,0,0,1,0,1,0,0,0,0,1,1,0,0,0,NÃO,NÃO,NÃO,SIM,NÃO,Vias Municipais,0,0,1,0,0,NOITE DE QUARTA,-23.632455,-46.5766037
531610,2019-07-15,15,JULHO,2019,2019.07,SEGUNDA,14:20,TARDE,SAO CAETANO DO SUL,Metropolitana de São Paulo,RUA AQUIDABAM,NAO DISPONIVEL,MUNICIPAL,PREFEITURA,PREFEITURA,"-23,606910973","-46,566334707",NAO DISPONIVEL,NAO DISPONIVEL,NAO DISPONIVEL,NAO DISPONIVEL,NAO DISPONIVEL,NAO DISPONIVEL,NAO DISPONIVEL,NAO DISPONIVEL,NAO DISPONIVEL,NAO DISPONIVEL,0,0,1,0,0,0,0,0,0,0,0,0,0,0,NÃO,NÃO,NÃO,SIM,NÃO,Vias Municipais,0,0,0,0,0,TARDE DE SEGUNDA,-23.606910973,-46.566334707
546951,2019-07-15,15,JULHO,2019,2019.07,SEGUNDA,18:44,NOITE,SAO CAETANO DO SUL,Metropolitana de São Paulo,AVENIDA GOIAS,NAO DISPONIVEL,MUNICIPAL,PREFEITURA,PREFEITURA,"-23,623891833","-46,547942468",SIMPLES,BOM,NOITE (VIA ILUMINADA),ÚNICA,NAO DISPONIVEL,INCLINADO,SECA,ASFALTO,SIMPLES,RETA,1,0,0,0,0,0,0,0,0,0,1,0,0,0,NÃO,NÃO,NÃO,SIM,NÃO,Vias Municipais,0,0,1,0,0,NOITE DE SEGUNDA,-23.623891833,-46.547942468
555800,2019-07-15,15,JULHO,2019,2019.07,SEGUNDA,22:19,NOITE,SAO CAETANO DO SUL,Metropolitana de São Paulo,RUA BOA VISTA,631,MUNICIPAL,PREFEITURA,PREFEITURA,"-23,6431744","-46,559759",SIMPLES,CHUVA,NOITE (VIA ILUMINADA),ÚNICA,NAO DISPONIVEL,INCLINADO,MOLHADA,ASFALTO,SIMPLES,RETA,0,0,1,0,1,0,0,0,0,2,1,0,0,0,NÃO,NÃO,NÃO,SIM,NÃO,Vias Municipais,0,0,1,0,0,NOITE DE SEGUNDA,-23.6431744,-46.559759
537532,2019-07-14,14,JULHO,2019,2019.07,DOMINGO,10:53,MANHA,SAO CAETANO DO SUL,Metropolitana de São Paulo,RUA SAO JOSE,44,MUNICIPAL,PREFEITURA,PREFEITURA,"-23,6106746095","-46,545892825",SIMPLES,BOM,LUZ SOLAR,ÚNICA,NAO DISPONIVEL,PLANO,SECA,ASFALTO,SIMPLES,RETA,0,0,1,0,1,0,0,0,0,2,0,0,0,0,NÃO,NÃO,NÃO,SIM,NÃO,Vias Municipais,0,0,1,0,0,MANHA DE DOMINGO,-23.6106746095,-46.545892825
555847,2019-07-13,13,JULHO,2019,2019.07,SÁBADO,19:20,NOITE,SAO CAETANO DO SUL,Metropolitana de São Paulo,RUA ALEGRE,NAO DISPONIVEL,MUNICIPAL,PREFEITURA,PREFEITURA,"-23,620059911","-46,553410856",SIMPLES,BOM,LUZ SOLAR,ÚNICA,NAO DISPONIVEL,INCLINADO,SECA,ASFALTO,SIMPLES,CRUZAMENTO,0,0,0,0,1,0,0,0,0,1,1,0,0,0,NÃO,NÃO,NÃO,SIM,NÃO,Vias Municipais,0,0,1,0,0,NOITE DE SÁBADO,-23.620059911,-46.553410856
529856,2019-07-12,12,JULHO,2019,2019.07,SEXTA,13:55,TARDE,SAO CAETANO DO SUL,Metropolitana de São Paulo,RUA TIBAGI,555,MUNICIPAL,PREFEITURA,PREFEITURA,"-23,6364178847","-46,5537065654",DUPLA,BOM,LUZ SOLAR,DUPLA,VIA SINALIZADA,INCLINADO,SECA,ASFALTO,DUPLA,CRUZAMENTO,0,0,1,0,1,0,0,0,0,1,2,0,0,0,NÃO,NÃO,NÃO,SIM,NÃO,Vias Municipais,0,0,1,0,0,TARDE DE SEXTA,-23.6364178847,-46.5537065654
534314,2019-07-11,11,JULHO,2019,2019.07,QUINTA,16:11,TARDE,SAO CAETANO DO SUL,Metropolitana de São Paulo,RUA CAVALHEIRO ERNESTO GIULIANO,1219,MUNICIPAL,PREFEITURA,PREFEITURA,"-23,6352956474","-46,5718628685",NAO DISPONIVEL,NAO DISPONIVEL,NAO DISPONIVEL,NAO DISPONIVEL,NAO DISPONIVEL,NAO DISPONIVEL,NAO DISPONIVEL,NAO DISPONIVEL,NAO DISPONIVEL,NAO DISPONIVEL,0,0,0,0,0,0,1,0,0,0,0,0,0,1,NÃO,NÃO,NÃO,SIM,NÃO,Vias Municipais,0,0,0,0,0,TARDE DE QUINTA,-23.6352956474,-46.5718628685
535010,2019-07-11,11,JULHO,2019,2019.07,QUINTA,16:06,TARDE,SAO CAETANO DO SUL,Metropolitana de São Paulo,ACESSO AVENIDA VALTER TOME,366,MUNICIPAL,PREFEITURA,PREFEITURA,"-23,630391862","-46,558999228",SIMPLES,BOM,LUZ SOLAR,DUPLA,NAO DISPONIVEL,PLANO,SECA,ASFALTO,SIMPLES,RETA,0,0,1,0,1,0,0,0,0,1,1,0,0,0,NÃO,NÃO,NÃO,SIM,NÃO,Vias Municipais,0,0,1,0,0,TARDE DE QUINTA,-23.630391862,-46.558999228
548560,2019-07-11,11,JULHO,2019,2019.07,QUINTA,20:09,NOITE,SAO CAETANO DO SUL,Metropolitana de São Paulo,RUA ADELAIDE,268,MUNICIPAL,PREFEITURA,PREFEITURA,"-23,6387945459","-46,5614378779",DUPLA,BOM,NOITE (VIA ILUMINADA),DUPLA,NAO DISPONIVEL,INCLINADO,SECA,ASFALTO,DUPLA,RETA,0,0,1,0,1,0,0,0,0,3,1,0,0,0,NÃO,NÃO,NÃO,SIM,NÃO,Vias Municipais,0,0,1,0,0,NOITE DE QUINTA,-23.6387945459,-46.5614378779
529855,2019-07-10,10,JULHO,2019,2019.07,QUARTA,14:04,TARDE,SAO CAETANO DO SUL,Metropolitana de São Paulo,AVENIDA GOIAS,920,MUNICIPAL,PREFEITURA,PREFEITURA,"-23,616427099","-46,567936002",DUPLA,BOM,LUZ SOLAR,ÚNICA,NAO DISPONIVEL,PLANO,SECA,ASFALTO,DUPLA,CRUZAMENTO,0,0,1,0,0,0,0,1,0,1,0,0,0,0,NÃO,NÃO,NÃO,SIM,NÃO,Vias Municipais,1,0,0,0,0,TARDE DE QUARTA,-23.616427099,-46.567936002
530063,2019-07-09,9,JULHO,2019,2019.07,TERÇA,14:20,TARDE,SAO CAETANO DO SUL,Metropolitana de São Paulo,RUA LUIS FIOROTI,460,MUNICIPAL,PREFEITURA,PREFEITURA,"-23,6304118652","-46,5581028802",NAO DISPONIVEL,NAO DISPONIVEL,NAO DISPONIVEL,NAO DISPONIVEL,NAO DISPONIVEL,NAO DISPONIVEL,NAO DISPONIVEL,NAO DISPONIVEL,NAO DISPONIVEL,NAO DISPONIVEL,0,0,0,0,0,0,1,0,0,0,0,0,0,1,NÃO,NÃO,NÃO,SIM,NÃO,Vias Municipais,0,0,0,0,0,TARDE DE TERÇA,-23.6304118652,-46.5581028802
513288,2019-07-08,8,JULHO,2019,2019.07,SEGUNDA,05:39,MADRUGADA,SAO CAETANO DO SUL,Metropolitana de São Paulo,AVENIDA GOIAS,2513,MUNICIPAL,PREFEITURA,PREFEITURA,"-23,616537717","-46,5613134473",MÚLTIPLA,BOM,ENTARDECER/AMANHECER,ÚNICA,NAO DISPONIVEL,PLANO,SECA,ASFALTO,MULTIPLA,RETA,0,0,0,0,1,0,0,0,0,1,1,0,0,0,NÃO,NÃO,NÃO,SIM,NÃO,Vias Municipais,0,0,1,0,0,MADRUGADA DE SEGUNDA,-23.616537717,-46.5613134473
553928,2019-07-07,7,JULHO,2019,2019.07,DOMINGO,19:43,NOITE,SAO CAETANO DO SUL,Metropolitana de São Paulo,RUA ESPIRITO SANTO,20,MUNICIPAL,PREFEITURA,PREFEITURA,"-23,6163159784","-46,5732727777",NAO DISPONIVEL,NAO DISPONIVEL,NAO DISPONIVEL,NAO DISPONIVEL,NAO DISPONIVEL,NAO DISPONIVEL,NAO DISPONIVEL,NAO DISPONIVEL,NAO DISPONIVEL,NAO DISPONIVEL,0,0,0,0,0,0,1,0,0,0,0,0,0,1,NÃO,NÃO,NÃO,SIM,NÃO,Vias Municipais,0,0,0,0,0,NOITE DE DOMINGO,-23.6163159784,-46.5732727777
514651,2019-07-05,5,JULHO,2019,2019.07,SEXTA,07:41,MANHA,SAO CAETANO DO SUL,Metropolitana de São Paulo,AVENIDA TIJUCUSSU,170,MUNICIPAL,PREFEITURA,PREFEITURA,"-23,6255787057","-46,5594225053",DUPLA,CHUVA,LUZ SOLAR,DUPLA,NAO DISPONIVEL,PLANO,MOLHADA,ASFALTO,DUPLA,CRUZAMENTO,0,0,1,0,0,0,0,0,0,3,0,0,0,1,NÃO,NÃO,NÃO,SIM,NÃO,Vias Municipais,0,0,1,0,0,MANHA DE SEXTA,-23.6255787057,-46.5594225053
514246,2019-07-02,2,JULHO,2019,2019.07,TERÇA,07:35,MANHA,SAO CAETANO DO SUL,Metropolitana de São Paulo,RUA BOA VISTA,100,MUNICIPAL,PREFEITURA,PREFEITURA,"-23,640334225","-46,5633000042",DUPLA,BOM,LUZ SOLAR,ÚNICA,NAO DISPONIVEL,PLANO,SECA,ASFALTO,DUPLA,RETA,0,0,1,0,0,0,0,1,0,1,0,0,0,0,NÃO,NÃO,NÃO,SIM,NÃO,Vias Municipais,1,0,0,0,0,MANHA DE TERÇA,-23.640334225,-46.5633000042
468909,2019-06-29,29,JUNHO,2019,2019.06,SÁBADO,02:35,MADRUGADA,SAO CAETANO DO SUL,Metropolitana de São Paulo,RUA MARIANO PAMPLONA,10,MUNICIPAL,PREFEITURA,PREFEITURA,"-23,6051503342","-46,5764871506",DUPLA,BOM,NOITE (VIA ILUMINADA),DUPLA,NAO DISPONIVEL,PLANO,SECA,ASFALTO,DUPLA,CURVA,0,0,1,0,0,0,0,0,1,0,0,0,0,0,NÃO,NÃO,NÃO,SIM,NÃO,Vias Municipais,0,0,1,0,0,MADRUGADA DE SÁBADO,-23.6051503342,-46.5764871506
494791,2019-06-29,29,JUNHO,2019,2019.06,SÁBADO,16:31,TARDE,SAO CAETANO DO SUL,Metropolitana de São Paulo,RUA SENADOR VERGUEIRO,428,MUNICIPAL,PREFEITURA,PREFEITURA,"-23,6112463996","-46,5775243489",SIMPLES,BOM,LUZ SOLAR,ÚNICA,NAO DISPONIVEL,PLANO,SECA,ASFALTO,SIMPLES,RETA,0,0,1,0,0,0,0,1,0,1,1,0,0,0,NÃO,NÃO,NÃO,SIM,NÃO,Vias Municipais,1,0,0,0,0,TARDE DE SÁBADO,-23.6112463996,-46.5775243489
481710,2019-06-28,28,JUNHO,2019,2019.06,SEXTA,16:17,TARDE,SAO CAETANO DO SUL,Metropolitana de São Paulo,RUA BOA VISTA,NAO DISPONIVEL,MUNICIPAL,PREFEITURA,PREFEITURA,"-23,641420201","-46,562381577",DUPLA,BOM,LUZ SOLAR,DUPLA,NAO DISPONIVEL,PLANO,SECA,ASFALTO,DUPLA,CRUZAMENTO,0,0,0,0,1,0,0,0,0,0,1,0,0,0,NÃO,NÃO,NÃO,SIM,NÃO,Vias Municipais,0,0,0,1,0,TARDE DE SEXTA,-23.641420201,-46.562381577
467088,2019-06-26,26,JUNHO,2019,2019.06,QUARTA,07:06,MANHA,SAO CAETANO DO SUL,Metropolitana de São Paulo,AVENIDA GUIDO ALIBERTI,100,MUNICIPAL,PREFEITURA,PREFEITURA,"-23,6304491968","-46,5815217051",DUPLA,BOM,LUZ SOLAR,DUPLA,NAO DISPONIVEL,PLANO,SECA,ASFALTO,DUPLA,RETA,0,0,1,0,1,0,0,0,0,1,1,0,0,0,NÃO,NÃO,NÃO,SIM,NÃO,Vias Municipais,0,0,1,0,0,MANHA DE QUARTA,-23.6304491968,-46.5815217051
466364,2019-06-25,25,JUNHO,2019,2019.06,TERÇA,06:59,MANHA,SAO CAETANO DO SUL,Metropolitana de São Paulo,RUA MACHADO DE ASSIS,NAO DISPONIVEL,MUNICIPAL,PREFEITURA,PREFEITURA,"-23,619857875","-46,578609404",SIMPLES,BOM,LUZ SOLAR,ÚNICA,NAO DISPONIVEL,PLANO,SECA,ASFALTO,SIMPLES,CRUZAMENTO,0,0,1,0,0,0,0,1,0,2,1,0,0,0,NÃO,NÃO,NÃO,SIM,NÃO,Vias Municipais,1,0,0,0,0,MANHA DE TERÇA,-23.619857875,-46.578609404
465795,2019-06-24,24,JUNHO,2019,2019.06,SEGUNDA,08:14,MANHA,SAO CAETANO DO SUL,Metropolitana de São Paulo,RUA FLORIDA,350,MUNICIPAL,PREFEITURA,PREFEITURA,"-23,6201076533","-46,5547602673",NAO DISPONIVEL,NAO DISPONIVEL,NAO DISPONIVEL,NAO DISPONIVEL,NAO DISPONIVEL,NAO DISPONIVEL,NAO DISPONIVEL,NAO DISPONIVEL,NAO DISPONIVEL,NAO DISPONIVEL,0,0,0,0,0,0,1,0,0,0,0,0,0,1,NÃO,NÃO,NÃO,SIM,NÃO,Vias Municipais,0,0,0,0,0,MANHA DE SEGUNDA,-23.6201076533,-46.5547602673
481576,2019-06-24,24,JUNHO,2019,2019.06,SEGUNDA,16:10,TARDE,SAO CAETANO DO SUL,Metropolitana de São Paulo,RUA SILVIA,1072,MUNICIPAL,PREFEITURA,PREFEITURA,"-23,6365799915","-46,5615404494",SIMPLES,BOM,LUZ SOLAR,ÚNICA,NAO DISPONIVEL,PLANO,SECA,ASFALTO,SIMPLES,RETA,0,0,1,0,0,0,0,0,0,1,1,0,0,0,NÃO,NÃO,NÃO,SIM,NÃO,Vias Municipais,0,0,1,0,0,TARDE DE SEGUNDA,-23.6365799915,-46.5615404494
465387,2019-06-23,23,JUNHO,2019,2019.06,DOMINGO,00:48,MADRUGADA,SAO CAETANO DO SUL,Metropolitana de São Paulo,ALAMEDA CONDE DE PORTO ALEGRE,1847,MUNICIPAL,PREFEITURA,PREFEITURA,"-23,642140842","-46,55527507",DUPLA,BOM,NOITE (VIA ILUMINADA),DUPLA,NAO DISPONIVEL,PLANO,SECA,ASFALTO,DUPLA,CRUZAMENTO,0,0,1,0,1,0,0,0,0,1,1,0,0,0,NÃO,NÃO,NÃO,SIM,NÃO,Vias Municipais,0,0,1,0,0,MADRUGADA DE DOMINGO,-23.642140842,-46.55527507