ID,Data do Acidente,Dia do Acidente,Mês do Acidente,Ano do Acidente,Ano/Mês do Acidente,Dia da Semana,Hora do Acidente,Turno,Município,Região Administrativa,Logradouro,Numero/KM,Jurisdição,Administração,Conservação,LAT_(GEO),LONG_(GEO),Condições da pista,Condições Climáticas,Iluminação,Mão de direção,Obras na pista,Relevo,Superfície da via,Tipo de pavimento,Tipo de pista,Traçado,Veículos Envolvidos - Bicicleta,Veículos Envolvidos - Caminhão,Veículos Envolvidos - Automóvel,Veículos Envolvidos - Outros,Veículos Envolvidos - Motocicleta,Veículos Envolvidos - Ônibus,Veículos Envolvidos - ND,Veículos Envolvidos - Pedestre,Pessoas Envolvidas - Grave,Pessoas Envolvidas - Ileso,Pessoas Envolvidas - Leve,Pessoas Envolvidas - Fatal,Pessoas Envolvidas - Feridos,Pessoas Envolvidas - ND,Serviço de Atendimento - Bombeiro,Serviço de Atendimento - PMRV,Serviço de Atendimento - PRF,Serviço de Atendimento - Radio Patrulha,Servciço de Atendimento - CPTRAN,Tipo de Via,Tipo de Acidente - Atropelamento,Tipo de Acidente - Choque,Tipo de Acidente - Colisão,Tipo de Acidente - Outros tipos de Acidente,Tipo de Acidente - ND,Turno + Dia de Semana,latitude,longitude
390972,2019-04-23,23,ABRIL,2019,2019.04,TERÇA,18:27,NOITE,SAO CAETANO DO SUL,Metropolitana de São Paulo,AVENIDA GUIDO ALIBERT,100,MUNICIPAL,PREFEITURA,PREFEITURA,"-23,6474492362","-46,5688442681",NAO DISPONIVEL,NAO DISPONIVEL,NAO DISPONIVEL,NAO DISPONIVEL,NAO DISPONIVEL,NAO DISPONIVEL,NAO DISPONIVEL,NAO DISPONIVEL,NAO DISPONIVEL,NAO DISPONIVEL,0,0,0,0,0,0,1,0,0,0,0,0,0,1,NÃO,NÃO,NÃO,SIM,NÃO,Vias Municipais,0,0,0,0,0,NOITE DE TERÇA,-23.6474492362,-46.5688442681
339900,2019-04-22,22,ABRIL,2019,2019.04,SEGUNDA,07:30,MANHA,SAO CAETANO DO SUL,Metropolitana de São Paulo,RUA BOA VISTA,95,MUNICIPAL,PREFEITURA,PREFEITURA,"-23,640298637","-46,5633302749",NAO DISPONIVEL,NAO DISPONIVEL,NAO DISPONIVEL,NAO DISPONIVEL,NAO DISPONIVEL,NAO DISPONIVEL,NAO DISPONIVEL,NAO DISPONIVEL,NAO DISPONIVEL,NAO DISPONIVEL,0,0,0,0,0,0,1,0,0,0,0,0,0,1,NÃO,NÃO,NÃO,SIM,NÃO,Vias Municipais,0,0,0,0,0,MANHA DE SEGUNDA,-23.640298637,-46.5633302749
932770,2019-04-22,22,ABRIL,2019,2019.04,SEGUNDA,20:22,NOITE,SAO CAETANO DO SUL,Metropolitana de São Paulo,ALAMEDA CONDE DE PORTO ALEGRE,5172,MUNICIPAL,PREFEITURA,PREFEITURA,NAO DISPONIVEL,NAO DISPONIVEL,NAO DISPONIVEL,NAO DISPONIVEL,NAO DISPONIVEL,NAO DISPONIVEL,NAO DISPONIVEL,NAO DISPONIVEL,NAO DISPONIVEL,NAO DISPONIVEL,NAO DISPONIVEL,NAO DISPONIVEL,0,0,0,0,0,0,1,0,0,0,0,0,0,0,SIM,NÃO,NÃO,NÃO,NÃO,Vias Municipais,0,0,0,0,0,NOITE DE SEGUNDA,-23.62306,-46.55111
345188,2019-04-21,21,ABRIL,2019,2019.04,DOMINGO,04:11,MADRUGADA,SAO CAETANO DO SUL,Metropolitana de São Paulo,ACESSO AVENIDA GUIDO ALIBERTI,99,MUNICIPAL,PREFEITURA,PREFEITURA,"-23,6216658836","-46,5817359614",NAO DISPONIVEL,NAO DISPONIVEL,NAO DISPONIVEL,NAO DISPONIVEL,NAO DISPONIVEL,NAO DISPONIVEL,NAO DISPONIVEL,NAO DISPONIVEL,NAO DISPONIVEL,NAO DISPONIVEL,0,0,0,0,0,0,1,0,0,0,0,0,0,1,NÃO,NÃO,NÃO,NÃO,SIM,Vias Municipais,0,0,0,0,0,MADRUGADA DE DOMINGO,-23.6216658836,-46.5817359614
364855,2019-04-20,20,ABRIL,2019,2019.04,SÁBADO,15:09,TARDE,SAO CAETANO DO SUL,Metropolitana de São Paulo,RUA MARECHAL DEODORO,174,MUNICIPAL,PREFEITURA,PREFEITURA,"-23,6171900825","-46,5578667977",NAO DISPONIVEL,NAO DISPONIVEL,NAO DISPONIVEL,NAO DISPONIVEL,NAO DISPONIVEL,NAO DISPONIVEL,NAO DISPONIVEL,NAO DISPONIVEL,NAO DISPONIVEL,NAO DISPONIVEL,0,0,0,0,0,0,1,0,0,0,0,0,0,1,NÃO,NÃO,NÃO,SIM,NÃO,Vias Municipais,0,0,0,0,0,TARDE DE SÁBADO,-23.6171900825,-46.5578667977
385958,2019-04-19,19,ABRIL,2019,2019.04,SEXTA,21:03,NOITE,SAO CAETANO DO SUL,Metropolitana de São Paulo,RUA BOA VISTA,631,MUNICIPAL,PREFEITURA,PREFEITURA,"-23,6431744","-46,559759",NAO DISPONIVEL,NAO DISPONIVEL,NAO DISPONIVEL,NAO DISPONIVEL,NAO DISPONIVEL,NAO DISPONIVEL,NAO DISPONIVEL,NAO DISPONIVEL,NAO DISPONIVEL,NAO DISPONIVEL,0,0,0,0,0,0,1,0,0,0,0,0,0,1,NÃO,NÃO,NÃO,SIM,NÃO,Vias Municipais,0,0,0,0,0,NOITE DE SEXTA,-23.6431744,-46.559759
359207,2019-04-18,18,ABRIL,2019,2019.04,QUINTA,15:02,TARDE,SAO CAETANO DO SUL,Metropolitana de São Paulo,AVENIDA GOIAS,3540,MUNICIPAL,PREFEITURA,PREFEITURA,"-23,6163339712","-46,56577952",DUPLA,BOM,LUZ SOLAR,DUPLA,NAO DISPONIVEL,PLANO,SECA,ASFALTO,DUPLA,RETA,0,0,1,0,1,0,0,0,0,1,1,0,0,0,NÃO,NÃO,NÃO,SIM,NÃO,Vias Municipais,0,0,1,0,0,TARDE DE QUINTA,-23.6163339712,-46.56577952
371655,2019-04-18,18,ABRIL,2019,2019.04,QUINTA,18:40,NOITE,SAO CAETANO DO SUL,Metropolitana de São Paulo,AVENIDA DO ESTADO,150,MUNICIPAL,PREFEITURA,PREFEITURA,"-23,6110237021","-46,5544703097",NAO DISPONIVEL,NAO DISPONIVEL,NAO DISPONIVEL,NAO DISPONIVEL,NAO DISPONIVEL,NAO DISPONIVEL,NAO DISPONIVEL,NAO DISPONIVEL,NAO DISPONIVEL,NAO DISPONIVEL,0,0,0,0,0,0,1,0,0,0,0,0,0,1,NÃO,NÃO,NÃO,SIM,NÃO,Vias Municipais,0,0,0,0,0,NOITE DE QUINTA,-23.6110237021,-46.5544703097
384428,2019-04-18,18,ABRIL,2019,2019.04,QUINTA,22:57,NOITE,SAO CAETANO DO SUL,Metropolitana de São Paulo,RUA SILVIA,1099,MUNICIPAL,PREFEITURA,PREFEITURA,"-23,6365856543","-46,5618019671",NAO DISPONIVEL,NAO DISPONIVEL,NAO DISPONIVEL,NAO DISPONIVEL,NAO DISPONIVEL,NAO DISPONIVEL,NAO DISPONIVEL,NAO DISPONIVEL,NAO DISPONIVEL,NAO DISPONIVEL,0,0,0,0,0,0,1,0,0,0,0,0,0,1,NÃO,SIM,NÃO,NÃO,NÃO,Vias Municipais,0,0,0,0,0,NOITE DE QUINTA,-23.6365856543,-46.5618019671
368251,2019-04-18,18,ABRIL,2019,2019.04,QUINTA,17:51,TARDE,SAO CAETANO DO SUL,Metropolitana de São Paulo,RUA TAIPAS,528,MUNICIPAL,PREFEITURA,PREFEITURA,"-23,6271251132","-46,552640807",NAO DISPONIVEL,NAO DISPONIVEL,NAO DISPONIVEL,NAO DISPONIVEL,NAO DISPONIVEL,NAO DISPONIVEL,NAO DISPONIVEL,NAO DISPONIVEL,NAO DISPONIVEL,NAO DISPONIVEL,0,0,0,0,0,0,1,0,0,0,0,0,0,1,NÃO,NÃO,NÃO,SIM,NÃO,Vias Municipais,0,0,0,0,0,TARDE DE QUINTA,-23.6271251132,-46.552640807
364039,2019-04-17,17,ABRIL,2019,2019.04,QUARTA,17:20,TARDE,SAO CAETANO DO SUL,Metropolitana de São Paulo,AVENIDA GUIDO ALIBERTI,12,MUNICIPAL,PREFEITURA,PREFEITURA,"-23,6312334379","-46,5817210052",DUPLA,BOM,LUZ SOLAR,DUPLA,NAO DISPONIVEL,PLANO,SECA,ASFALTO,DUPLA,RETA,0,0,1,0,0,0,0,1,0,1,0,0,0,0,NÃO,NÃO,NÃO,SIM,NÃO,Vias Municipais,1,0,0,0,0,TARDE DE QUARTA,-23.6312334379,-46.5817210052
368058,2019-04-17,17,ABRIL,2019,2019.04,QUARTA,18:39,NOITE,SAO CAETANO DO SUL,Metropolitana de São Paulo,RUA VISCONDE DE INHAUMA,149,MUNICIPAL,PREFEITURA,PREFEITURA,"-23,6302348","-46,5663177",NAO DISPONIVEL,NAO DISPONIVEL,NAO DISPONIVEL,NAO DISPONIVEL,NAO DISPONIVEL,NAO DISPONIVEL,NAO DISPONIVEL,NAO DISPONIVEL,NAO DISPONIVEL,NAO DISPONIVEL,0,0,0,0,0,0,1,0,0,0,0,0,0,1,NÃO,NÃO,NÃO,SIM,NÃO,Vias Municipais,0,0,0,0,0,NOITE DE QUARTA,-23.6302348,-46.5663177
362097,2019-04-16,16,ABRIL,2019,2019.04,TERÇA,16:51,TARDE,SAO CAETANO DO SUL,Metropolitana de São Paulo,RUA PARAGUASSU,2241,MUNICIPAL,PREFEITURA,PREFEITURA,"-23,6318565441","-46,5567842535",SIMPLES,BOM,LUZ SOLAR,ÚNICA,NAO DISPONIVEL,INCLINADO,SECA,ASFALTO,SIMPLES,RETA,0,0,1,0,1,0,0,0,0,1,1,0,0,0,NÃO,NÃO,NÃO,SIM,NÃO,Vias Municipais,0,0,1,0,0,TARDE DE TERÇA,-23.6318565441,-46.5567842535
342164,2019-04-15,15,ABRIL,2019,2019.04,SEGUNDA,08:34,MANHA,SAO CAETANO DO SUL,Metropolitana de São Paulo,RUA JOANA ANGELICA,362,MUNICIPAL,PREFEITURA,PREFEITURA,"-23,6271197121","-46,5502709149",NAO DISPONIVEL,NAO DISPONIVEL,NAO DISPONIVEL,NAO DISPONIVEL,NAO DISPONIVEL,NAO DISPONIVEL,NAO DISPONIVEL,NAO DISPONIVEL,NAO DISPONIVEL,NAO DISPONIVEL,0,0,1,0,0,0,0,0,0,0,0,0,0,1,NÃO,NÃO,NÃO,SIM,NÃO,Vias Municipais,0,0,0,0,0,MANHA DE SEGUNDA,-23.6271197121,-46.5502709149
334089,2019-04-14,14,ABRIL,2019,2019.04,DOMINGO,00:21,MADRUGADA,SAO CAETANO DO SUL,Metropolitana de São Paulo,AVENIDA GOIAS,100,MUNICIPAL,PREFEITURA,PREFEITURA,"-23,6219003501","-46,5493794551",SIMPLES,BOM,NOITE (VIA ILUMINADA),ÚNICA,NAO DISPONIVEL,PLANO,SECA,ASFALTO,SIMPLES,CRUZAMENTO,0,0,1,0,1,0,0,0,1,0,1,0,0,0,NÃO,NÃO,NÃO,SIM,NÃO,Vias Municipais,0,0,1,0,0,MADRUGADA DE DOMINGO,-23.6219003501,-46.5493794551
369034,2019-04-13,13,ABRIL,2019,2019.04,SÁBADO,15:17,TARDE,SAO CAETANO DO SUL,Metropolitana de São Paulo,AVENIDA GOIAS,3007,MUNICIPAL,PREFEITURA,PREFEITURA,"-23,6164983653","-46,5638457692",MÚLTIPLA,BOM,LUZ SOLAR,ÚNICA,NAO DISPONIVEL,PLANO,SECA,ASFALTO,MULTIPLA,RETA,0,0,1,0,0,0,0,0,0,1,0,0,0,0,SIM,NÃO,NÃO,NÃO,NÃO,Vias Municipais,0,0,1,0,0,TARDE DE SÁBADO,-23.6164983653,-46.5638457692
352216,2019-04-12,12,ABRIL,2019,2019.04,SEXTA,12:47,TARDE,SAO CAETANO DO SUL,Metropolitana de São Paulo,RUA ENGENHEIRO REBOUCAS,NAO DISPONIVEL,MUNICIPAL,PREFEITURA,PREFEITURA,"-23,6280724566","-46,5714268997",NAO DISPONIVEL,NAO DISPONIVEL,NAO DISPONIVEL,NAO DISPONIVEL,NAO DISPONIVEL,NAO DISPONIVEL,NAO DISPONIVEL,NAO DISPONIVEL,NAO DISPONIVEL,NAO DISPONIVEL,0,0,0,0,0,0,1,0,0,0,0,0,0,1,NÃO,NÃO,NÃO,SIM,NÃO,Vias Municipais,0,0,0,0,0,TARDE DE SEXTA,-23.6280724566,-46.5714268997
351185,2019-04-12,12,ABRIL,2019,2019.04,SEXTA,12:27,TARDE,SAO CAETANO DO SUL,Metropolitana de São Paulo,RUA DOUTOR DURVAL VILALVA,155,MUNICIPAL,PREFEITURA,PREFEITURA,"-23,6011894906","-46,5760000043",NAO DISPONIVEL,NAO DISPONIVEL,NAO DISPONIVEL,NAO DISPONIVEL,NAO DISPONIVEL,NAO DISPONIVEL,NAO DISPONIVEL,NAO DISPONIVEL,NAO DISPONIVEL,NAO DISPONIVEL,0,0,0,0,0,0,1,0,0,0,0,0,0,1,NÃO,NÃO,NÃO,SIM,NÃO,Vias Municipais,0,0,0,0,0,TARDE DE SEXTA,-23.6011894906,-46.5760000043
356246,2019-04-11,11,ABRIL,2019,2019.04,QUINTA,14:01,TARDE,SAO CAETANO DO SUL,Metropolitana de São Paulo,RUA JOANA ANGELICA,NAO DISPONIVEL,MUNICIPAL,PREFEITURA,PREFEITURA,"-23,6262868721","-46,548913203",MÚLTIPLA,BOM,LUZ SOLAR,ÚNICA,NAO DISPONIVEL,INCLINADO,SECA,ASFALTO,MULTIPLA,CRUZAMENTO,0,0,1,0,1,0,0,0,0,1,1,0,0,0,NÃO,NÃO,NÃO,SIM,NÃO,Vias Municipais,0,0,1,0,0,TARDE DE QUINTA,-23.6262868721,-46.548913203
352717,2019-04-11,11,ABRIL,2019,2019.04,QUINTA,13:25,TARDE,SAO CAETANO DO SUL,Metropolitana de São Paulo,AVENIDA NELSON BRAIDO,10,MUNICIPAL,PREFEITURA,PREFEITURA,"-23,62835","-46,5791",NAO DISPONIVEL,NAO DISPONIVEL,NAO DISPONIVEL,NAO DISPONIVEL,NAO DISPONIVEL,NAO DISPONIVEL,NAO DISPONIVEL,NAO DISPONIVEL,NAO DISPONIVEL,NAO DISPONIVEL,0,0,0,0,1,0,0,0,0,0,0,0,0,0,NÃO,NÃO,NÃO,SIM,NÃO,Vias Municipais,0,0,0,0,0,TARDE DE QUINTA,-23.62835,-46.5791
376463,2019-04-11,11,ABRIL,2019,2019.04,QUINTA,20:13,NOITE,SAO CAETANO DO SUL,Metropolitana de São Paulo,ESTRADA DAS LAGRIMAS,1200,MUNICIPAL,PREFEITURA,PREFEITURA,"-23,6330702658","-46,5805732413",SIMPLES,BOM,NOITE (VIA ILUMINADA),ÚNICA,NAO DISPONIVEL,PLANO,SECA,ASFALTO,SIMPLES,RETA,0,0,0,0,1,0,0,0,0,0,1,0,0,0,NÃO,NÃO,NÃO,SIM,NÃO,Vias Municipais,0,0,0,1,0,NOITE DE QUINTA,-23.6330702658,-46.5805732413
366552,2019-04-10,10,ABRIL,2019,2019.04,QUARTA,18:16,NOITE,SAO CAETANO DO SUL,Metropolitana de São Paulo,ALAMEDA CONDE DE PORTO ALEGRE,2400,MUNICIPAL,PREFEITURA,PREFEITURA,"-23,6440482","-46,5549083",NAO DISPONIVEL,NAO DISPONIVEL,NAO DISPONIVEL,NAO DISPONIVEL,NAO DISPONIVEL,NAO DISPONIVEL,NAO DISPONIVEL,NAO DISPONIVEL,NAO DISPONIVEL,NAO DISPONIVEL,0,0,0,0,0,0,1,0,0,0,0,0,0,1,NÃO,SIM,NÃO,NÃO,NÃO,Vias Municipais,0,0,0,0,0,NOITE DE QUARTA,-23.6440482,-46.5549083
357676,2019-04-09,9,ABRIL,2019,2019.04,TERÇA,15:06,TARDE,SAO CAETANO DO SUL,Metropolitana de São Paulo,RUA CASTRO ALVES,10,MUNICIPAL,PREFEITURA,PREFEITURA,"-23,6270128898","-46,564126584",SIMPLES,BOM,LUZ SOLAR,DUPLA,NAO DISPONIVEL,INCLINADO,MOLHADA,ASFALTO,SIMPLES,CRUZAMENTO,0,0,1,0,1,0,0,0,0,1,1,0,0,0,NÃO,NÃO,NÃO,SIM,NÃO,Vias Municipais,0,0,1,0,0,TARDE DE TERÇA,-23.6270128898,-46.564126584
342168,2019-04-09,9,ABRIL,2019,2019.04,TERÇA,09:14,MANHA,SAO CAETANO DO SUL,Metropolitana de São Paulo,AVENIDA SAO RAIMUNDO 1835,3400,MUNICIPAL,PREFEITURA,PREFEITURA,"-23,6047541201","-46,5692868228",MÚLTIPLA,BOM,LUZ SOLAR,ÚNICA,NAO DISPONIVEL,PLANO,MOLHADA,ASFALTO,MULTIPLA,RETA,0,0,1,0,1,0,0,0,1,1,0,0,0,0,NÃO,NÃO,NÃO,SIM,NÃO,Vias Municipais,0,0,1,0,0,MANHA DE TERÇA,-23.6047541201,-46.5692868228
357147,2019-04-08,8,ABRIL,2019,2019.04,SEGUNDA,14:26,TARDE,SAO CAETANO DO SUL,Metropolitana de São Paulo,RUA BOA VISTA,200,MUNICIPAL,PREFEITURA,PREFEITURA,"-23,6410006583","-46,5626392992",DUPLA,BOM,LUZ SOLAR,DUPLA,NAO DISPONIVEL,INCLINADO,MOLHADA,ASFALTO,DUPLA,RETA,0,0,1,0,0,0,0,1,0,1,1,0,0,0,NÃO,NÃO,NÃO,SIM,NÃO,Vias Municipais,1,0,0,0,0,TARDE DE SEGUNDA,-23.6410006583,-46.5626392992
336576,2019-04-08,8,ABRIL,2019,2019.04,SEGUNDA,05:51,MADRUGADA,SAO CAETANO DO SUL,Metropolitana de São Paulo,RUA JOAO PESSOA,500,MUNICIPAL,PREFEITURA,PREFEITURA,"-23,6127887732","-46,569169437",DUPLA,BOM,LUZ SOLAR,DUPLA,NAO DISPONIVEL,PLANO,MOLHADA,ASFALTO,DUPLA,RETA,0,0,1,0,1,0,0,0,0,1,1,0,0,0,NÃO,NÃO,NÃO,SIM,NÃO,Vias Municipais,0,0,1,0,0,MADRUGADA DE SEGUNDA,-23.6127887732,-46.569169437
348600,2019-04-07,7,ABRIL,2019,2019.04,DOMINGO,06:44,MANHA,SAO CAETANO DO SUL,Metropolitana de São Paulo,RUA BARAO DE MAUA,10,MUNICIPAL,PREFEITURA,PREFEITURA,"-23,6299099807","-46,5785069612",NAO DISPONIVEL,NAO DISPONIVEL,NAO DISPONIVEL,NAO DISPONIVEL,NAO DISPONIVEL,NAO DISPONIVEL,NAO DISPONIVEL,NAO DISPONIVEL,NAO DISPONIVEL,NAO DISPONIVEL,0,0,0,0,0,0,1,0,0,0,0,0,0,1,NÃO,NÃO,NÃO,SIM,NÃO,Vias Municipais,0,0,0,0,0,MANHA DE DOMINGO,-23.6299099807,-46.5785069612
384944,2019-04-07,7,ABRIL,2019,2019.04,DOMINGO,20:08,NOITE,SAO CAETANO DO SUL,Metropolitana de São Paulo,RUA SANTOS DUMONT,85,MUNICIPAL,PREFEITURA,PREFEITURA,"-23,6393579538","-46,5625521212",NAO DISPONIVEL,NAO DISPONIVEL,NAO DISPONIVEL,NAO DISPONIVEL,NAO DISPONIVEL,NAO DISPONIVEL,NAO DISPONIVEL,NAO DISPONIVEL,NAO DISPONIVEL,NAO DISPONIVEL,0,0,0,0,0,0,1,0,0,0,0,0,0,0,NÃO,NÃO,NÃO,SIM,NÃO,Vias Municipais,0,0,0,0,0,NOITE DE DOMINGO,-23.6393579538,-46.5625521212
928951,2019-04-07,7,ABRIL,2019,2019.04,DOMINGO,06:50,MANHA,SAO CAETANO DO SUL,Metropolitana de São Paulo,"INSTITUTO MAUA DE TECNOLOGIA  PRACA MAUA, 1",100,MUNICIPAL,PREFEITURA,PREFEITURA,"-23,6479111","-46,5734558",NAO DISPONIVEL,NAO DISPONIVEL,NAO DISPONIVEL,NAO DISPONIVEL,NAO DISPONIVEL,NAO DISPONIVEL,NAO DISPONIVEL,NAO DISPONIVEL,NAO DISPONIVEL,NAO DISPONIVEL,0,0,1,0,0,0,0,0,0,0,0,0,0,0,SIM,NÃO,NÃO,NÃO,NÃO,Vias Municipais,0,0,0,0,0,MANHA DE DOMINGO,-23.6479111,-46.5734558
341469,2019-04-04,4,ABRIL,2019,2019.04,QUINTA,08:18,MANHA,SAO CAETANO DO SUL,Metropolitana de São Paulo,RUA HELOISA PAMPLONA,164,MUNICIPAL,PREFEITURA,PREFEITURA,"-23,6092900639","-46,5687796757",SIMPLES,BOM,LUZ SOLAR,ÚNICA,NAO DISPONIVEL,PLANO,SECA,ASFALTO,SIMPLES,RETA,0,0,1,0,0,0,0,0,0,4,0,0,0,1,NÃO,NÃO,NÃO,SIM,NÃO,Vias Municipais,0,1,0,0,0,MANHA DE QUINTA,-23.6092900639,-46.5687796757
367054,2019-04-04,4,ABRIL,2019,2019.04,QUINTA,17:14,TARDE,SAO CAETANO DO SUL,Metropolitana de São Paulo,AVENIDA GOIAS,1201,MUNICIPAL,PREFEITURA,PREFEITURA,"-23,6165388602","-46,5535793241",DUPLA,BOM,LUZ SOLAR,ÚNICA,NAO DISPONIVEL,PLANO,SECA,ASFALTO,DUPLA,RETA,0,0,1,0,0,0,0,0,0,1,0,0,0,0,NÃO,NÃO,NÃO,SIM,NÃO,Vias Municipais,0,0,1,0,0,TARDE DE QUINTA,-23.6165388602,-46.5535793241
339213,2019-04-02,2,ABRIL,2019,2019.04,TERÇA,08:26,MANHA,SAO CAETANO DO SUL,Metropolitana de São Paulo,RUA PRIMEIRO DE MAIO,100,MUNICIPAL,PREFEITURA,PREFEITURA,"-23,6307153488","-46,575133081",NAO DISPONIVEL,NAO DISPONIVEL,NAO DISPONIVEL,NAO DISPONIVEL,NAO DISPONIVEL,NAO DISPONIVEL,NAO DISPONIVEL,NAO DISPONIVEL,NAO DISPONIVEL,NAO DISPONIVEL,0,0,0,0,0,0,1,0,0,0,0,0,0,1,NÃO,NÃO,NÃO,SIM,NÃO,Vias Municipais,0,0,0,0,0,MANHA DE TERÇA,-23.6307153488,-46.575133081
354417,2019-04-02,2,ABRIL,2019,2019.04,TERÇA,13:39,TARDE,SAO CAETANO DO SUL,Metropolitana de São Paulo,VIENA (PARK SHOPPING SAO CAETANO)  ALAMEDA TERRAC,3065,MUNICIPAL,PREFEITURA,PREFEITURA,"-23,6264629","-46,5799866",NAO DISPONIVEL,NAO DISPONIVEL,NAO DISPONIVEL,NAO DISPONIVEL,NAO DISPONIVEL,NAO DISPONIVEL,NAO DISPONIVEL,NAO DISPONIVEL,NAO DISPONIVEL,NAO DISPONIVEL,0,0,0,0,0,0,1,0,0,0,0,0,0,1,SIM,NÃO,NÃO,NÃO,NÃO,Vias Municipais,0,0,0,0,0,TARDE DE TERÇA,-23.6264629,-46.5799866
361737,2019-04-02,2,ABRIL,2019,2019.04,TERÇA,15:50,TARDE,SAO CAETANO DO SUL,Metropolitana de São Paulo,AVENIDA GUIDO ALIBERTI,2,MUNICIPAL,PREFEITURA,PREFEITURA,"-23,6313207552","-46,5817680286",MÚLTIPLA,BOM,LUZ SOLAR,ÚNICA,VIA SINALIZADA,PLANO,SECA,ASFALTO,MULTIPLA,RETA,0,0,1,0,1,0,0,0,0,2,1,0,0,0,NÃO,NÃO,NÃO,SIM,NÃO,Vias Municipais,0,0,1,0,0,TARDE DE TERÇA,-23.6313207552,-46.5817680286
305887,2019-03-31,31,MARÇO,2019,2019.03,DOMINGO,12:02,TARDE,SAO CAETANO DO SUL,Metropolitana de São Paulo,AVENIDA GUIDO ALIBERTI,21,MUNICIPAL,PREFEITURA,PREFEITURA,"-23,6219693165","-46,5817881191",SIMPLES,BOM,LUZ SOLAR,DUPLA,NAO DISPONIVEL,PLANO,SECA,ASFALTO,SIMPLES,RETA,1,0,1,0,0,0,0,0,0,3,0,0,0,1,NÃO,NÃO,NÃO,SIM,NÃO,Vias Municipais,0,0,0,1,0,TARDE DE DOMINGO,-23.6219693165,-46.5817881191
289808,2019-03-30,30,MARÇO,2019,2019.03,SÁBADO,05:31,MADRUGADA,SAO CAETANO DO SUL,Metropolitana de São Paulo,AVENIDA DO ESTADO,1000,MUNICIPAL,PREFEITURA,PREFEITURA,"-23,6043088","-46,57002019999999",MÚLTIPLA,BOM,LUZ SOLAR,ÚNICA,NAO DISPONIVEL,PLANO,SECA,ASFALTO,MULTIPLA,RETA,0,0,1,0,0,0,0,0,0,0,0,0,0,0,NÃO,NÃO,NÃO,SIM,NÃO,Vias Municipais,0,1,0,0,0,MADRUGADA DE SÁBADO,-23.6043088,-46.57002019999999
926331,2019-03-28,28,MARÇO,2019,2019.03,QUINTA,10:44,MANHA,SAO CAETANO DO SUL,Metropolitana de São Paulo,AVENIDA GOIAS,2820,MUNICIPAL,PREFEITURA,PREFEITURA,NAO DISPONIVEL,NAO DISPONIVEL,NAO DISPONIVEL,NAO DISPONIVEL,NAO DISPONIVEL,NAO DISPONIVEL,NAO DISPONIVEL,NAO DISPONIVEL,NAO DISPONIVEL,NAO DISPONIVEL,NAO DISPONIVEL,NAO DISPONIVEL,0,0,0,0,0,0,1,0,0,0,0,0,0,0,SIM,NÃO,NÃO,NÃO,NÃO,Vias Municipais,0,0,0,0,0,MANHA DE QUINTA,-23.62306,-46.55111
306623,2019-03-26,26,MARÇO,2019,2019.03,TERÇA,17:09,TARDE,SAO CAETANO DO SUL,Metropolitana de São Paulo,RUA ARLINDO MARCHETI,848,MUNICIPAL,PREFEITURA,PREFEITURA,"-23,6412163758","-46,5594827859",DUPLA,BOM,LUZ SOLAR,DUPLA,NAO DISPONIVEL,PLANO,SECA,ASFALTO,DUPLA,RETA,1,0,1,0,0,0,0,0,0,1,0,0,0,0,NÃO,NÃO,NÃO,SIM,NÃO,Vias Municipais,0,0,1,0,0,TARDE DE TERÇA,-23.6412163758,-46.5594827859
286193,2019-03-25,25,MARÇO,2019,2019.03,SEGUNDA,09:11,MANHA,SAO CAETANO DO SUL,Metropolitana de São Paulo,RUA AMAZONAS,23,MUNICIPAL,PREFEITURA,PREFEITURA,"-23,6112912865","-46,5695330022",NAO DISPONIVEL,NAO DISPONIVEL,NAO DISPONIVEL,NAO DISPONIVEL,NAO DISPONIVEL,NAO DISPONIVEL,NAO DISPONIVEL,NAO DISPONIVEL,NAO DISPONIVEL,NAO DISPONIVEL,0,0,0,0,0,0,1,0,0,0,0,0,0,1,SIM,NÃO,NÃO,NÃO,NÃO,Vias Municipais,0,0,0,0,0,MANHA DE SEGUNDA,-23.6112912865,-46.5695330022
278125,2019-03-22,22,MARÇO,2019,2019.03,SEXTA,04:19,MADRUGADA,SAO CAETANO DO SUL,Metropolitana de São Paulo,RUA ESPIRITO SANTO,10,MUNICIPAL,PREFEITURA,PREFEITURA,"-23,6162243204","-46,5732732572",NAO DISPONIVEL,NAO DISPONIVEL,NAO DISPONIVEL,NAO DISPONIVEL,NAO DISPONIVEL,NAO DISPONIVEL,NAO DISPONIVEL,NAO DISPONIVEL,NAO DISPONIVEL,NAO DISPONIVEL,0,0,0,0,0,0,1,0,0,0,0,0,0,1,NÃO,NÃO,NÃO,SIM,NÃO,Vias Municipais,0,0,0,0,0,MADRUGADA DE SEXTA,-23.6162243204,-46.5732732572