ID,Data do Acidente,Dia do Acidente,Mês do Acidente,Ano do Acidente,Ano/Mês do Acidente,Dia da Semana,Hora do Acidente,Turno,Município,Região Administrativa,Logradouro,Numero/KM,Jurisdição,Administração,Conservação,LAT_(GEO),LONG_(GEO),Condições da pista,Condições Climáticas,Iluminação,Mão de direção,Obras na pista,Relevo,Superfície da via,Tipo de pavimento,Tipo de pista,Traçado,Veículos Envolvidos - Bicicleta,Veículos Envolvidos - Caminhão,Veículos Envolvidos - Automóvel,Veículos Envolvidos - Outros,Veículos Envolvidos - Motocicleta,Veículos Envolvidos - Ônibus,Veículos Envolvidos - ND,Veículos Envolvidos - Pedestre,Pessoas Envolvidas - Grave,Pessoas Envolvidas - Ileso,Pessoas Envolvidas - Leve,Pessoas Envolvidas - Fatal,Pessoas Envolvidas - Feridos,Pessoas Envolvidas - ND,Serviço de Atendimento - Bombeiro,Serviço de Atendimento - PMRV,Serviço de Atendimento - PRF,Serviço de Atendimento - Radio Patrulha,Servciço de Atendimento - CPTRAN,Tipo de Via,Tipo de Acidente - Atropelamento,Tipo de Acidente - Choque,Tipo de Acidente - Colisão,Tipo de Acidente - Outros tipos de Acidente,Tipo de Acidente - ND,Turno + Dia de Semana,latitude,longitude
279604,2019-03-22,22,MARÇO,2019,2019.03,SEXTA,00:16,MADRUGADA,SAO CAETANO DO SUL,Metropolitana de São Paulo,AVENIDA GOIAS,100,MUNICIPAL,PREFEITURA,PREFEITURA,"-23,618577879","-46,5732623888",SIMPLES,NAO DISPONIVEL,NOITE (VIA ILUMINADA),ÚNICA,NAO DISPONIVEL,PLANO,MOLHADA,ASFALTO,SIMPLES,RETA,0,0,0,0,0,0,1,1,0,0,1,0,0,0,NÃO,NÃO,NÃO,SIM,NÃO,Vias Municipais,1,0,0,0,0,MADRUGADA DE SEXTA,-23.618577879,-46.5732623888
281945,2019-03-21,21,MARÇO,2019,2019.03,QUINTA,06:31,MANHA,SAO CAETANO DO SUL,Metropolitana de São Paulo,ALAMEDA CONDE DE PORTO ALEGRE,841,MUNICIPAL,PREFEITURA,PREFEITURA,"-23,6360699003","-46,5568157044",DUPLA,CHUVA,LUZ SOLAR,DUPLA,NAO DISPONIVEL,PLANO,MOLHADA,ASFALTO,DUPLA,RETA,0,0,1,0,1,0,0,0,0,1,1,0,0,0,NÃO,NÃO,NÃO,SIM,NÃO,Vias Municipais,0,0,0,1,0,MANHA DE QUINTA,-23.6360699003,-46.5568157044
924676,2019-03-21,21,MARÇO,2019,2019.03,QUINTA,18:51,NOITE,SAO CAETANO DO SUL,Metropolitana de São Paulo,AVENIDA GOIAS,100,MUNICIPAL,PREFEITURA,PREFEITURA,"-23,6219003501","-46,5493794551",NAO DISPONIVEL,NAO DISPONIVEL,NAO DISPONIVEL,NAO DISPONIVEL,NAO DISPONIVEL,NAO DISPONIVEL,NAO DISPONIVEL,NAO DISPONIVEL,NAO DISPONIVEL,NAO DISPONIVEL,0,0,0,0,0,0,1,0,0,0,0,0,0,0,SIM,NÃO,NÃO,NÃO,NÃO,Vias Municipais,0,0,0,0,0,NOITE DE QUINTA,-23.6219003501,-46.5493794551
314406,2019-03-20,20,MARÇO,2019,2019.03,QUARTA,18:31,NOITE,SAO CAETANO DO SUL,Metropolitana de São Paulo,RUA ARLINDO MARCHETI,832,MUNICIPAL,PREFEITURA,PREFEITURA,"-23,6411221348","-46,5593570413",DUPLA,BOM,NOITE (VIA ILUMINADA),DUPLA,NAO DISPONIVEL,INCLINADO,SECA,ASFALTO,DUPLA,RETA,0,0,1,0,1,0,0,0,0,1,1,0,0,0,NÃO,NÃO,NÃO,SIM,NÃO,Vias Municipais,0,0,1,0,0,NOITE DE QUARTA,-23.6411221348,-46.5593570413
280180,2019-03-19,19,MARÇO,2019,2019.03,TERÇA,07:00,MANHA,SAO CAETANO DO SUL,Metropolitana de São Paulo,RUA BOA VISTA,100,MUNICIPAL,PREFEITURA,PREFEITURA,"-23,6403342248","-46,5633000045",NAO DISPONIVEL,NAO DISPONIVEL,NAO DISPONIVEL,NAO DISPONIVEL,NAO DISPONIVEL,NAO DISPONIVEL,NAO DISPONIVEL,NAO DISPONIVEL,NAO DISPONIVEL,NAO DISPONIVEL,0,0,0,0,0,0,1,0,0,0,0,0,0,1,NÃO,NÃO,NÃO,SIM,NÃO,Vias Municipais,0,0,0,0,0,MANHA DE TERÇA,-23.6403342248,-46.5633000045
830053,2019-03-17,17,MARÇO,2019,2019.03,DOMINGO,05:20,MADRUGADA,SAO CAETANO DO SUL,Metropolitana de São Paulo,RUA ARARAQUARA,63,MUNICIPAL,PREFEITURA,PREFEITURA,"-23,6020182329121","-46,5756039849544",NAO DISPONIVEL,NAO DISPONIVEL,NAO DISPONIVEL,NAO DISPONIVEL,NAO DISPONIVEL,NAO DISPONIVEL,NAO DISPONIVEL,NAO DISPONIVEL,NAO DISPONIVEL,NAO DISPONIVEL,0,0,0,0,0,0,1,0,0,0,0,0,0,1,NÃO,NÃO,NÃO,SIM,NÃO,Vias Municipais,0,0,0,0,0,MADRUGADA DE DOMINGO,-23.6020182329121,-46.5756039849544
311911,2019-03-16,16,MARÇO,2019,2019.03,SÁBADO,15:17,TARDE,SAO CAETANO DO SUL,Metropolitana de São Paulo,RUA RAFAEL CORREA SAMPAIO,100,MUNICIPAL,PREFEITURA,PREFEITURA,"-23,6199769804","-46,5594261092",NAO DISPONIVEL,NAO DISPONIVEL,NAO DISPONIVEL,NAO DISPONIVEL,NAO DISPONIVEL,NAO DISPONIVEL,NAO DISPONIVEL,NAO DISPONIVEL,NAO DISPONIVEL,NAO DISPONIVEL,0,0,0,0,0,0,1,0,0,0,0,0,0,1,NÃO,NÃO,NÃO,SIM,NÃO,Vias Municipais,0,0,0,0,0,TARDE DE SÁBADO,-23.6199769804,-46.5594261092
310739,2019-03-15,15,MARÇO,2019,2019.03,SEXTA,18:17,NOITE,SAO CAETANO DO SUL,Metropolitana de São Paulo,RUA DOUTOR RAMOS DE AZEVEDO,30,MUNICIPAL,PREFEITURA,PREFEITURA,"-23,6119141216","-46,5640113029",NAO DISPONIVEL,NAO DISPONIVEL,NAO DISPONIVEL,NAO DISPONIVEL,NAO DISPONIVEL,NAO DISPONIVEL,NAO DISPONIVEL,NAO DISPONIVEL,NAO DISPONIVEL,NAO DISPONIVEL,0,0,0,0,0,0,1,0,0,0,0,0,0,1,NÃO,NÃO,NÃO,SIM,NÃO,Vias Municipais,0,0,0,0,0,NOITE DE SEXTA,-23.6119141216,-46.5640113029
293143,2019-03-14,14,MARÇO,2019,2019.03,QUINTA,12:17,TARDE,SAO CAETANO DO SUL,Metropolitana de São Paulo,RUA TAPAJOS,920,MUNICIPAL,PREFEITURA,PREFEITURA,"-23,6213177982","-46,5496300203",DUPLA,BOM,LUZ SOLAR,DUPLA,NAO DISPONIVEL,INCLINADO,SECA,ASFALTO,DUPLA,CRUZAMENTO,0,0,0,0,1,0,0,0,0,0,1,0,0,0,NÃO,NÃO,NÃO,SIM,NÃO,Vias Municipais,0,0,1,0,0,TARDE DE QUINTA,-23.6213177982,-46.5496300203
305088,2019-03-13,13,MARÇO,2019,2019.03,QUARTA,16:26,TARDE,SAO CAETANO DO SUL,Metropolitana de São Paulo,AVENIDA PRESIDENTE KENEDY,2020,MUNICIPAL,PREFEITURA,PREFEITURA,"-23,6374299202","-46,5588120831",DUPLA,BOM,LUZ SOLAR,ÚNICA,NAO DISPONIVEL,PLANO,SECA,ASFALTO,DUPLA,RETA,0,0,1,0,0,0,0,0,0,1,0,0,0,0,NÃO,NÃO,NÃO,SIM,NÃO,Vias Municipais,0,0,1,0,0,TARDE DE QUARTA,-23.6374299202,-46.5588120831
315357,2019-03-13,13,MARÇO,2019,2019.03,QUARTA,19:36,NOITE,SAO CAETANO DO SUL,Metropolitana de São Paulo,RUA OSVALDO CRUZ,100,MUNICIPAL,PREFEITURA,PREFEITURA,"-23,6173356403","-46,5679343796",NAO DISPONIVEL,NAO DISPONIVEL,NAO DISPONIVEL,NAO DISPONIVEL,NAO DISPONIVEL,NAO DISPONIVEL,NAO DISPONIVEL,NAO DISPONIVEL,NAO DISPONIVEL,NAO DISPONIVEL,0,0,0,0,0,0,1,0,0,0,0,0,0,1,SIM,NÃO,NÃO,NÃO,NÃO,Vias Municipais,0,0,0,0,0,NOITE DE QUARTA,-23.6173356403,-46.5679343796
319605,2019-03-13,13,MARÇO,2019,2019.03,QUARTA,14:49,TARDE,SAO CAETANO DO SUL,Metropolitana de São Paulo,AVENIDA DOUTOR AUGUSTO DE TOLEDO,769,MUNICIPAL,PREFEITURA,PREFEITURA,"-23,6220086886","-46,5667740099",MÚLTIPLA,BOM,LUZ SOLAR,ÚNICA,NAO DISPONIVEL,PLANO,SECA,ASFALTO,MULTIPLA,RETA,0,0,1,0,0,0,0,0,0,1,1,0,0,0,NÃO,NÃO,NÃO,SIM,NÃO,Vias Municipais,0,0,1,0,0,TARDE DE QUARTA,-23.6220086886,-46.5667740099
295104,2019-03-12,12,MARÇO,2019,2019.03,TERÇA,13:58,TARDE,SAO CAETANO DO SUL,Metropolitana de São Paulo,ESTRADA DAS LAGRIMAS,NAO DISPONIVEL,MUNICIPAL,PREFEITURA,PREFEITURA,"-23,6450469222","-46,574892618",NAO DISPONIVEL,NAO DISPONIVEL,NAO DISPONIVEL,NAO DISPONIVEL,NAO DISPONIVEL,NAO DISPONIVEL,NAO DISPONIVEL,NAO DISPONIVEL,NAO DISPONIVEL,NAO DISPONIVEL,0,0,0,0,1,1,0,0,0,0,0,0,0,0,NÃO,NÃO,NÃO,SIM,NÃO,Vias Municipais,0,0,0,0,0,TARDE DE TERÇA,-23.6450469222,-46.574892618
286187,2019-03-12,12,MARÇO,2019,2019.03,TERÇA,10:25,MANHA,SAO CAETANO DO SUL,Metropolitana de São Paulo,AVENIDA DO ESTADO,100,MUNICIPAL,PREFEITURA,PREFEITURA,"-23,6107721871","-46,5540637374",NAO DISPONIVEL,NAO DISPONIVEL,NAO DISPONIVEL,NAO DISPONIVEL,NAO DISPONIVEL,NAO DISPONIVEL,NAO DISPONIVEL,NAO DISPONIVEL,NAO DISPONIVEL,NAO DISPONIVEL,0,0,0,0,0,0,1,0,0,0,0,0,0,1,NÃO,SIM,NÃO,NÃO,NÃO,Vias Municipais,0,0,0,0,0,MANHA DE TERÇA,-23.6107721871,-46.5540637374
310342,2019-03-10,10,MARÇO,2019,2019.03,DOMINGO,13:59,TARDE,SAO CAETANO DO SUL,Metropolitana de São Paulo,RUA PARAIBA,300,MUNICIPAL,PREFEITURA,PREFEITURA,"-23,6126363318","-46,5753649354",SIMPLES,BOM,LUZ SOLAR,ÚNICA,NAO DISPONIVEL,INCLINADO,SECA,ASFALTO,SIMPLES,RETA,0,1,0,0,0,0,0,0,0,2,1,0,0,0,NÃO,NÃO,NÃO,SIM,NÃO,Vias Municipais,0,1,0,0,0,TARDE DE DOMINGO,-23.6126363318,-46.5753649354
291989,2019-03-10,10,MARÇO,2019,2019.03,DOMINGO,06:03,MANHA,SAO CAETANO DO SUL,Metropolitana de São Paulo,ALAMEDA SAO CAETANO,101,MUNICIPAL,PREFEITURA,PREFEITURA,"-23,6277388017","-46,552758181",SIMPLES,BOM,LUZ SOLAR,ÚNICA,NAO DISPONIVEL,INCLINADO,SECA,ASFALTO,SIMPLES,CRUZAMENTO,0,0,1,0,0,0,0,0,0,1,1,0,0,0,NÃO,NÃO,NÃO,SIM,NÃO,Vias Municipais,0,0,1,0,0,MANHA DE DOMINGO,-23.6277388017,-46.552758181
329389,2019-03-10,10,MARÇO,2019,2019.03,DOMINGO,21:56,NOITE,SAO CAETANO DO SUL,Metropolitana de São Paulo,RUA ANGELA,65,MUNICIPAL,PREFEITURA,PREFEITURA,"-23,6371814001","-46,5660523182",NAO DISPONIVEL,NAO DISPONIVEL,NAO DISPONIVEL,NAO DISPONIVEL,NAO DISPONIVEL,NAO DISPONIVEL,NAO DISPONIVEL,NAO DISPONIVEL,NAO DISPONIVEL,NAO DISPONIVEL,0,0,0,0,0,0,1,0,0,0,0,0,0,1,NÃO,NÃO,NÃO,SIM,NÃO,Vias Municipais,0,0,0,0,0,NOITE DE DOMINGO,-23.6371814001,-46.5660523182
321756,2019-03-10,10,MARÇO,2019,2019.03,DOMINGO,17:50,TARDE,SAO CAETANO DO SUL,Metropolitana de São Paulo,AVENIDA DOS ESTADOS COM RUA DO OURO,100,MUNICIPAL,PREFEITURA,PREFEITURA,"-23,6110004238","-46,5460102686",DUPLA,CHUVA,NOITE (VIA ILUMINADA),ÚNICA,NAO DISPONIVEL,PLANO,MOLHADA,ASFALTO,DUPLA,RETA,0,0,0,0,1,0,0,0,0,1,1,0,0,0,NÃO,NÃO,NÃO,SIM,NÃO,Vias Municipais,0,0,0,1,0,TARDE DE DOMINGO,-23.6110004238,-46.5460102686
295811,2019-03-09,9,MARÇO,2019,2019.03,SÁBADO,09:21,MANHA,SAO CAETANO DO SUL,Metropolitana de São Paulo,RUA IVAI,291,MUNICIPAL,PREFEITURA,PREFEITURA,"-23,6354529791","-46,5555400948",SIMPLES,BOM,LUZ SOLAR,ÚNICA,NAO DISPONIVEL,INCLINADO,SECA,ASFALTO,SIMPLES,RETA,0,0,1,0,0,0,0,0,0,3,1,0,0,1,NÃO,NÃO,NÃO,SIM,NÃO,Vias Municipais,0,0,1,0,0,MANHA DE SÁBADO,-23.6354529791,-46.5555400948
320047,2019-03-08,8,MARÇO,2019,2019.03,SEXTA,21:19,NOITE,SAO CAETANO DO SUL,Metropolitana de São Paulo,RUA SILVIA,743,MUNICIPAL,PREFEITURA,PREFEITURA,"-23,6365141215","-46,5581505947",NAO DISPONIVEL,NAO DISPONIVEL,NAO DISPONIVEL,NAO DISPONIVEL,NAO DISPONIVEL,NAO DISPONIVEL,NAO DISPONIVEL,NAO DISPONIVEL,NAO DISPONIVEL,NAO DISPONIVEL,0,0,0,0,0,0,1,0,0,0,0,0,0,1,NÃO,NÃO,NÃO,SIM,NÃO,Vias Municipais,0,0,0,0,0,NOITE DE SEXTA,-23.6365141215,-46.5581505947
299947,2019-03-07,7,MARÇO,2019,2019.03,QUINTA,15:02,TARDE,SAO CAETANO DO SUL,Metropolitana de São Paulo,RUA VISCONDE DE INHAUMA,347,MUNICIPAL,PREFEITURA,PREFEITURA,"-23,631799805","-46,5656136991",DUPLA,BOM,LUZ SOLAR,DUPLA,NAO DISPONIVEL,PLANO,SECA,ASFALTO,DUPLA,RETA,0,0,0,0,0,0,1,1,0,1,1,0,0,0,NÃO,NÃO,NÃO,SIM,NÃO,Vias Municipais,1,0,0,0,0,TARDE DE QUINTA,-23.631799805,-46.5656136991
309230,2019-03-07,7,MARÇO,2019,2019.03,QUINTA,18:10,NOITE,SAO CAETANO DO SUL,Metropolitana de São Paulo,RUA MAXIMILIANO LORENZINE,10,MUNICIPAL,PREFEITURA,PREFEITURA,"-23,6041188909","-46,574695584",NAO DISPONIVEL,NAO DISPONIVEL,NAO DISPONIVEL,NAO DISPONIVEL,NAO DISPONIVEL,NAO DISPONIVEL,NAO DISPONIVEL,NAO DISPONIVEL,NAO DISPONIVEL,NAO DISPONIVEL,0,0,0,0,0,0,1,0,0,0,0,0,0,1,NÃO,NÃO,NÃO,SIM,NÃO,Vias Municipais,0,0,0,0,0,NOITE DE QUINTA,-23.6041188909,-46.574695584
309854,2019-03-06,6,MARÇO,2019,2019.03,QUARTA,17:10,TARDE,SAO CAETANO DO SUL,Metropolitana de São Paulo,RUA BOA VISTA,409,MUNICIPAL,PREFEITURA,PREFEITURA,"-23,6427238179","-46,56182717",DUPLA,BOM,LUZ SOLAR,DUPLA,NAO DISPONIVEL,PLANO,SECA,ASFALTO,DUPLA,RETA,0,0,1,0,1,0,0,0,0,1,1,0,0,0,NÃO,NÃO,NÃO,SIM,NÃO,Vias Municipais,0,0,1,0,0,TARDE DE QUARTA,-23.6427238179,-46.56182717
306768,2019-03-05,5,MARÇO,2019,2019.03,TERÇA,14:04,TARDE,SAO CAETANO DO SUL,Metropolitana de São Paulo,RUA ESPIRITO SANTO,277,MUNICIPAL,PREFEITURA,PREFEITURA,"-23,6188199","-46,5732233",DUPLA,BOM,LUZ SOLAR,DUPLA,NAO DISPONIVEL,PLANO,SECA,ASFALTO,DUPLA,CRUZAMENTO,0,0,1,0,1,0,0,0,0,1,2,0,0,0,NÃO,NÃO,NÃO,SIM,NÃO,Vias Municipais,0,0,1,0,0,TARDE DE TERÇA,-23.6188199,-46.5732233
323034,2019-03-04,4,MARÇO,2019,2019.03,SEGUNDA,22:04,NOITE,SAO CAETANO DO SUL,Metropolitana de São Paulo,RUA ESPIRITO SANTO,277,MUNICIPAL,PREFEITURA,PREFEITURA,"-23,6188199","-46,5732233",NAO DISPONIVEL,NAO DISPONIVEL,NAO DISPONIVEL,NAO DISPONIVEL,NAO DISPONIVEL,NAO DISPONIVEL,NAO DISPONIVEL,NAO DISPONIVEL,NAO DISPONIVEL,NAO DISPONIVEL,0,0,0,0,0,0,1,0,0,0,0,0,0,1,NÃO,NÃO,NÃO,SIM,NÃO,Vias Municipais,0,0,0,0,0,NOITE DE SEGUNDA,-23.6188199,-46.5732233
330214,2019-03-03,3,MARÇO,2019,2019.03,DOMINGO,22:36,NOITE,SAO CAETANO DO SUL,Metropolitana de São Paulo,RUA MARINGA,97,MUNICIPAL,PREFEITURA,PREFEITURA,"-23,6443335968","-46,5619427111",NAO DISPONIVEL,NAO DISPONIVEL,NAO DISPONIVEL,NAO DISPONIVEL,NAO DISPONIVEL,NAO DISPONIVEL,NAO DISPONIVEL,NAO DISPONIVEL,NAO DISPONIVEL,NAO DISPONIVEL,0,0,0,0,0,0,1,0,0,0,0,0,0,1,NÃO,NÃO,NÃO,SIM,NÃO,Vias Municipais,0,0,0,0,0,NOITE DE DOMINGO,-23.6443335968,-46.5619427111
920573,2019-03-03,3,MARÇO,2019,2019.03,DOMINGO,12:07,TARDE,SAO CAETANO DO SUL,Metropolitana de São Paulo,RUA BOA VISTA,185,MUNICIPAL,PREFEITURA,PREFEITURA,"-23,6409","-46,5627",NAO DISPONIVEL,NAO DISPONIVEL,NAO DISPONIVEL,NAO DISPONIVEL,NAO DISPONIVEL,NAO DISPONIVEL,NAO DISPONIVEL,NAO DISPONIVEL,NAO DISPONIVEL,NAO DISPONIVEL,0,0,1,0,0,0,0,0,0,0,0,0,0,0,SIM,NÃO,NÃO,NÃO,NÃO,Vias Municipais,0,0,0,0,0,TARDE DE DOMINGO,-23.6409,-46.5627
261900,2019-02-28,28,FEVEREIRO,2019,2019.02,QUINTA,20:35,NOITE,SAO CAETANO DO SUL,Metropolitana de São Paulo,RUA NOSSA SENHORA DE FATIMA,497,MUNICIPAL,PREFEITURA,PREFEITURA,"-23,6235391322","-46,5657260482",NAO DISPONIVEL,NAO DISPONIVEL,NAO DISPONIVEL,NAO DISPONIVEL,NAO DISPONIVEL,NAO DISPONIVEL,NAO DISPONIVEL,NAO DISPONIVEL,NAO DISPONIVEL,NAO DISPONIVEL,0,0,0,0,0,0,1,0,0,0,0,0,0,1,NÃO,NÃO,NÃO,SIM,NÃO,Vias Municipais,0,0,0,0,0,NOITE DE QUINTA,-23.6235391322,-46.5657260482
228572,2019-02-27,27,FEVEREIRO,2019,2019.02,QUARTA,07:35,MANHA,SAO CAETANO DO SUL,Metropolitana de São Paulo,RUA HELIO BENEDETE,83,MUNICIPAL,PREFEITURA,PREFEITURA,"-23,6116324737","-46,5470129989",NAO DISPONIVEL,NAO DISPONIVEL,NAO DISPONIVEL,NAO DISPONIVEL,NAO DISPONIVEL,NAO DISPONIVEL,NAO DISPONIVEL,NAO DISPONIVEL,NAO DISPONIVEL,NAO DISPONIVEL,0,0,0,0,0,0,1,0,0,0,0,0,0,0,NÃO,NÃO,NÃO,SIM,NÃO,Vias Municipais,0,0,0,0,0,MANHA DE QUARTA,-23.6116324737,-46.5470129989
231478,2019-02-26,26,FEVEREIRO,2019,2019.02,TERÇA,09:19,MANHA,SAO CAETANO DO SUL,Metropolitana de São Paulo,RUA PERNAMBUCO,208,MUNICIPAL,PREFEITURA,PREFEITURA,"-23,6113144347","-46,5743002855",SIMPLES,CHUVA,LUZ SOLAR,ÚNICA,NAO DISPONIVEL,PLANO,MOLHADA,ASFALTO,SIMPLES,CRUZAMENTO,0,0,1,0,0,1,0,0,0,1,2,0,0,0,NÃO,NÃO,NÃO,SIM,NÃO,Vias Municipais,0,0,1,0,0,MANHA DE TERÇA,-23.6113144347,-46.5743002855
255286,2019-02-26,26,FEVEREIRO,2019,2019.02,TERÇA,18:22,NOITE,SAO CAETANO DO SUL,Metropolitana de São Paulo,RUA VISCONDE DE INHAUMA,1037,MUNICIPAL,PREFEITURA,PREFEITURA,"-23,6377168236","-46,5648231295",NAO DISPONIVEL,NAO DISPONIVEL,NAO DISPONIVEL,NAO DISPONIVEL,NAO DISPONIVEL,NAO DISPONIVEL,NAO DISPONIVEL,NAO DISPONIVEL,NAO DISPONIVEL,NAO DISPONIVEL,0,0,0,0,0,0,1,0,0,0,0,0,0,1,NÃO,NÃO,NÃO,SIM,NÃO,Vias Municipais,0,0,0,0,0,NOITE DE TERÇA,-23.6377168236,-46.5648231295
232335,2019-02-25,25,FEVEREIRO,2019,2019.02,SEGUNDA,08:10,MANHA,SAO CAETANO DO SUL,Metropolitana de São Paulo,AVENIDA DO ESTADO,511,MUNICIPAL,PREFEITURA,PREFEITURA,"-23,6121650035","-46,5576373402",NAO DISPONIVEL,NAO DISPONIVEL,NAO DISPONIVEL,NAO DISPONIVEL,NAO DISPONIVEL,NAO DISPONIVEL,NAO DISPONIVEL,NAO DISPONIVEL,NAO DISPONIVEL,NAO DISPONIVEL,0,0,0,0,0,0,1,0,0,0,0,0,0,1,NÃO,NÃO,NÃO,SIM,NÃO,Vias Municipais,0,0,0,0,0,MANHA DE SEGUNDA,-23.6121650035,-46.5576373402
256704,2019-02-25,25,FEVEREIRO,2019,2019.02,SEGUNDA,17:25,TARDE,SAO CAETANO DO SUL,Metropolitana de São Paulo,ALAMEDA SAO CAETANO,1252,MUNICIPAL,PREFEITURA,PREFEITURA,"-23,625312064","-46,5561148506",SIMPLES,BOM,LUZ SOLAR,ÚNICA,NAO DISPONIVEL,PLANO,SECA,ASFALTO,SIMPLES,RETA,0,0,1,0,0,0,0,0,0,2,1,0,0,0,NÃO,NÃO,NÃO,SIM,NÃO,Vias Municipais,0,0,1,0,0,TARDE DE SEGUNDA,-23.625312064,-46.5561148506
266550,2019-02-25,25,FEVEREIRO,2019,2019.02,SEGUNDA,21:33,NOITE,SAO CAETANO DO SUL,Metropolitana de São Paulo,AVENIDA DOUTOR AUGUSTO DE TOLEDO,NAO DISPONIVEL,MUNICIPAL,PREFEITURA,PREFEITURA,"-23,6152824131","-46,5667695761",NAO DISPONIVEL,NAO DISPONIVEL,NAO DISPONIVEL,NAO DISPONIVEL,NAO DISPONIVEL,NAO DISPONIVEL,NAO DISPONIVEL,NAO DISPONIVEL,NAO DISPONIVEL,NAO DISPONIVEL,0,0,1,0,0,0,0,0,0,0,0,0,0,0,NÃO,NÃO,NÃO,SIM,NÃO,Vias Municipais,0,0,0,0,0,NOITE DE SEGUNDA,-23.6152824131,-46.5667695761
919265,2019-02-25,25,FEVEREIRO,2019,2019.02,SEGUNDA,22:32,NOITE,SAO CAETANO DO SUL,Metropolitana de São Paulo,RUA NOEL ROSA,1,MUNICIPAL,PREFEITURA,PREFEITURA,NAO DISPONIVEL,NAO DISPONIVEL,NAO DISPONIVEL,NAO DISPONIVEL,NAO DISPONIVEL,NAO DISPONIVEL,NAO DISPONIVEL,NAO DISPONIVEL,NAO DISPONIVEL,NAO DISPONIVEL,NAO DISPONIVEL,NAO DISPONIVEL,0,1,1,0,0,0,0,0,0,0,0,0,0,0,SIM,NÃO,NÃO,NÃO,NÃO,Vias Municipais,0,0,0,0,0,NOITE DE SEGUNDA,-23.62306,-46.55111
231639,2019-02-23,23,FEVEREIRO,2019,2019.02,SÁBADO,03:15,MADRUGADA,SAO CAETANO DO SUL,Metropolitana de São Paulo,ACESSO ALAMEDA TERRACOTA,NAO DISPONIVEL,MUNICIPAL,PREFEITURA,PREFEITURA,"-23,6329385564","-46,5527590369",SIMPLES,BOM,LUZ SOLAR,ÚNICA,NAO DISPONIVEL,PLANO,SECA,ASFALTO,SIMPLES,CURVA,0,0,1,0,1,0,0,0,0,0,0,0,0,0,NÃO,NÃO,NÃO,SIM,NÃO,Vias Municipais,0,0,0,1,0,MADRUGADA DE SÁBADO,-23.6329385564,-46.5527590369
244001,2019-02-23,23,FEVEREIRO,2019,2019.02,SÁBADO,09:42,MANHA,SAO CAETANO DO SUL,Metropolitana de São Paulo,RUA JOSE DO PATROCINIO,237,MUNICIPAL,PREFEITURA,PREFEITURA,"-23,6104692695","-46,5753527014",SIMPLES,BOM,LUZ SOLAR,DUPLA,NAO DISPONIVEL,PLANO,SECA,ASFALTO,SIMPLES,RETA,1,0,1,0,0,0,0,0,0,1,1,0,0,0,NÃO,NÃO,NÃO,SIM,NÃO,Vias Municipais,0,0,1,0,0,MANHA DE SÁBADO,-23.6104692695,-46.5753527014
243174,2019-02-22,22,FEVEREIRO,2019,2019.02,SEXTA,12:17,TARDE,SAO CAETANO DO SUL,Metropolitana de São Paulo,AVENIDA DO ESTADO,NAO DISPONIVEL,MUNICIPAL,PREFEITURA,PREFEITURA,"-23,6060239594","-46,5484629463",SIMPLES,BOM,LUZ SOLAR,ÚNICA,NAO DISPONIVEL,PLANO,SECA,ASFALTO,SIMPLES,CURVA,0,0,1,0,0,0,0,1,0,0,2,0,0,0,NÃO,NÃO,NÃO,SIM,NÃO,Vias Municipais,1,0,0,0,0,TARDE DE SEXTA,-23.6060239594,-46.5484629463
918418,2019-02-22,22,FEVEREIRO,2019,2019.02,SEXTA,12:19,TARDE,SAO CAETANO DO SUL,Metropolitana de São Paulo,RUA SAFIRA,23,MUNICIPAL,PREFEITURA,PREFEITURA,"-23,6066","-46,5492",NAO DISPONIVEL,NAO DISPONIVEL,NAO DISPONIVEL,NAO DISPONIVEL,NAO DISPONIVEL,NAO DISPONIVEL,NAO DISPONIVEL,NAO DISPONIVEL,NAO DISPONIVEL,NAO DISPONIVEL,0,0,1,0,0,0,0,0,0,0,0,0,0,0,SIM,NÃO,NÃO,NÃO,NÃO,Vias Municipais,0,0,0,0,0,TARDE DE SEXTA,-23.6066,-46.5492
236449,2019-02-20,20,FEVEREIRO,2019,2019.02,QUARTA,11:03,MANHA,SAO CAETANO DO SUL,Metropolitana de São Paulo,AVENIDA GOIAS,10,MUNICIPAL,PREFEITURA,PREFEITURA,"-23,6225752126","-46,5488955801",MÚLTIPLA,BOM,LUZ SOLAR,DUPLA,NAO DISPONIVEL,PLANO,SECA,ASFALTO,MULTIPLA,RETA,0,1,1,0,1,0,0,0,0,2,1,0,0,0,NÃO,NÃO,NÃO,SIM,NÃO,Vias Municipais,0,0,1,0,0,MANHA DE QUARTA,-23.6225752126,-46.5488955801