ID,Data do Acidente,Dia do Acidente,Mês do Acidente,Ano do Acidente,Ano/Mês do Acidente,Dia da Semana,Hora do Acidente,Turno,Município,Região Administrativa,Logradouro,Numero/KM,Jurisdição,Administração,Conservação,LAT_(GEO),LONG_(GEO),Condições da pista,Condições Climáticas,Iluminação,Mão de direção,Obras na pista,Relevo,Superfície da via,Tipo de pavimento,Tipo de pista,Traçado,Veículos Envolvidos - Bicicleta,Veículos Envolvidos - Caminhão,Veículos Envolvidos - Automóvel,Veículos Envolvidos - Outros,Veículos Envolvidos - Motocicleta,Veículos Envolvidos - Ônibus,Veículos Envolvidos - ND,Veículos Envolvidos - Pedestre,Pessoas Envolvidas - Grave,Pessoas Envolvidas - Ileso,Pessoas Envolvidas - Leve,Pessoas Envolvidas - Fatal,Pessoas Envolvidas - Feridos,Pessoas Envolvidas - ND,Serviço de Atendimento - Bombeiro,Serviço de Atendimento - PMRV,Serviço de Atendimento - PRF,Serviço de Atendimento - Radio Patrulha,Servciço de Atendimento - CPTRAN,Tipo de Via,Tipo de Acidente - Atropelamento,Tipo de Acidente - Choque,Tipo de Acidente - Colisão,Tipo de Acidente - Outros tipos de Acidente,Tipo de Acidente - ND,Turno + Dia de Semana,latitude,longitude
255664,2019-02-19,19,FEVEREIRO,2019,2019.02,TERÇA,17:56,TARDE,SAO CAETANO DO SUL,Metropolitana de São Paulo,RUA NELI PELEGRINO,773,MUNICIPAL,PREFEITURA,PREFEITURA,"-23,639452787","-46,5713973712",SIMPLES,BOM,LUZ SOLAR,ÚNICA,NAO DISPONIVEL,PLANO,SECA,ASFALTO,SIMPLES,RETA,0,0,1,0,1,0,0,0,0,1,1,0,0,0,NÃO,NÃO,NÃO,SIM,NÃO,Vias Municipais,0,0,1,0,0,TARDE DE TERÇA,-23.639452787,-46.5713973712
269512,2019-02-18,18,FEVEREIRO,2019,2019.02,SEGUNDA,22:35,NOITE,SAO CAETANO DO SUL,Metropolitana de São Paulo,ESTRADA DAS LAGRIMAS,798,MUNICIPAL,PREFEITURA,PREFEITURA,"-23,6415160204","-46,5743885127",SIMPLES,BOM,NOITE (VIA ILUMINADA),DUPLA,NAO DISPONIVEL,INCLINADO,SECA,ASFALTO,SIMPLES,CURVA,1,0,1,0,0,0,0,0,1,1,0,0,0,1,NÃO,NÃO,NÃO,SIM,NÃO,Vias Municipais,1,0,0,0,0,NOITE DE SEGUNDA,-23.6415160204,-46.5743885127
254441,2019-02-15,15,FEVEREIRO,2019,2019.02,SEXTA,16:39,TARDE,SAO CAETANO DO SUL,Metropolitana de São Paulo,AVENIDA GAGO COUTINHO,921,MUNICIPAL,PREFEITURA,PREFEITURA,"-23,6483593616","-46,5554034741",DUPLA,BOM,LUZ SOLAR,DUPLA,NAO DISPONIVEL,INCLINADO,MOLHADA,ASFALTO,DUPLA,CRUZAMENTO,0,0,0,0,1,0,0,0,0,1,1,0,0,0,NÃO,NÃO,NÃO,SIM,NÃO,Vias Municipais,0,0,1,0,0,TARDE DE SEXTA,-23.6483593616,-46.5554034741
236198,2019-02-14,14,FEVEREIRO,2019,2019.02,QUINTA,10:58,MANHA,SAO CAETANO DO SUL,Metropolitana de São Paulo,RUA SILVIA,1956,MUNICIPAL,PREFEITURA,PREFEITURA,"-23,6367104865","-46,569195857",NAO DISPONIVEL,NAO DISPONIVEL,NAO DISPONIVEL,NAO DISPONIVEL,NAO DISPONIVEL,NAO DISPONIVEL,NAO DISPONIVEL,NAO DISPONIVEL,NAO DISPONIVEL,NAO DISPONIVEL,0,0,0,0,0,0,1,0,0,0,0,0,0,1,SIM,NÃO,NÃO,NÃO,NÃO,Vias Municipais,0,0,0,0,0,MANHA DE QUINTA,-23.6367104865,-46.569195857
916717,2019-02-14,14,FEVEREIRO,2019,2019.02,QUINTA,17:48,TARDE,SAO CAETANO DO SUL,Metropolitana de São Paulo,RUA GUAPORE,31,MUNICIPAL,PREFEITURA,PREFEITURA,"-23,6326","-46,5548",NAO DISPONIVEL,NAO DISPONIVEL,NAO DISPONIVEL,NAO DISPONIVEL,NAO DISPONIVEL,NAO DISPONIVEL,NAO DISPONIVEL,NAO DISPONIVEL,NAO DISPONIVEL,NAO DISPONIVEL,0,0,0,0,0,0,1,0,0,0,0,0,0,0,SIM,NÃO,NÃO,NÃO,NÃO,Vias Municipais,0,0,0,0,0,TARDE DE QUINTA,-23.6326,-46.5548
263494,2019-02-13,13,FEVEREIRO,2019,2019.02,QUARTA,06:40,MANHA,SAO CAETANO DO SUL,Metropolitana de São Paulo,AVENIDA GUIDO ALIBERTI,100,MUNICIPAL,PREFEITURA,PREFEITURA,"-23,6304491966","-46,5815217048",DUPLA,CHUVA,LUZ SOLAR,ÚNICA,NAO DISPONIVEL,PLANO,MOLHADA,ASFALTO,DUPLA,RETA,0,0,1,0,0,0,0,0,0,0,2,0,0,0,NÃO,NÃO,NÃO,SIM,NÃO,Vias Municipais,0,0,0,1,0,MANHA DE QUARTA,-23.6304491966,-46.5815217048
250084,2019-02-10,10,FEVEREIRO,2019,2019.02,DOMINGO,10:31,MANHA,SAO CAETANO DO SUL,Metropolitana de São Paulo,AVENIDA GUIDO ALIBERTI,2966,MUNICIPAL,PREFEITURA,PREFEITURA,"-23,6311718458","-46,5743761503",DUPLA,BOM,LUZ SOLAR,DUPLA,NAO DISPONIVEL,PLANO,SECA,ASFALTO,DUPLA,RETA,1,0,0,0,0,0,0,0,0,0,0,0,0,0,NÃO,NÃO,NÃO,SIM,NÃO,Vias Municipais,1,0,0,0,0,MANHA DE DOMINGO,-23.6311718458,-46.5743761503
235461,2019-02-09,9,FEVEREIRO,2019,2019.02,SÁBADO,04:53,MADRUGADA,SAO CAETANO DO SUL,Metropolitana de São Paulo,PRACA CAMARA CASCUDO,NAO DISPONIVEL,MUNICIPAL,PREFEITURA,PREFEITURA,"-23,6290425714","-46,5799403463",SIMPLES,BOM,NOITE (VIA ILUMINADA),DUPLA,NAO DISPONIVEL,PLANO,SECA,ASFALTO,SIMPLES,RETA,0,0,1,0,0,0,0,0,0,0,1,0,0,0,NÃO,NÃO,NÃO,SIM,NÃO,Vias Municipais,0,1,0,0,0,MADRUGADA DE SÁBADO,-23.6290425714,-46.5799403463
233780,2019-02-08,8,FEVEREIRO,2019,2019.02,SEXTA,08:17,MANHA,SAO CAETANO DO SUL,Metropolitana de São Paulo,AVENIDA GOIAS,3499,MUNICIPAL,PREFEITURA,PREFEITURA,"-23,625113","-46,54652",MÚLTIPLA,BOM,LUZ SOLAR,DUPLA,NAO DISPONIVEL,PLANO,SECA,ASFALTO,MULTIPLA,RETA,0,0,1,0,1,0,0,1,1,1,2,0,0,0,NÃO,NÃO,NÃO,SIM,NÃO,Vias Municipais,1,0,0,0,0,MANHA DE SEXTA,-23.625113,-46.54652
234091,2019-02-03,3,FEVEREIRO,2019,2019.02,DOMINGO,03:34,MADRUGADA,SAO CAETANO DO SUL,Metropolitana de São Paulo,RUA JOSE BENEDETE,484,MUNICIPAL,PREFEITURA,PREFEITURA,"-23,6226409249","-46,5703621405",NAO DISPONIVEL,NAO DISPONIVEL,NAO DISPONIVEL,NAO DISPONIVEL,NAO DISPONIVEL,NAO DISPONIVEL,NAO DISPONIVEL,NAO DISPONIVEL,NAO DISPONIVEL,NAO DISPONIVEL,0,0,0,0,0,0,1,0,0,0,0,0,0,1,NÃO,NÃO,NÃO,SIM,NÃO,Vias Municipais,0,0,0,0,0,MADRUGADA DE DOMINGO,-23.6226409249,-46.5703621405
263403,2019-02-02,2,FEVEREIRO,2019,2019.02,SÁBADO,15:37,TARDE,SAO CAETANO DO SUL,Metropolitana de São Paulo,RUA VISCONDE DE INHAUMA,844,MUNICIPAL,PREFEITURA,PREFEITURA,"-23,6361519787","-46,564410607",DUPLA,BOM,LUZ SOLAR,DUPLA,NAO DISPONIVEL,PLANO,SECA,ASFALTO,DUPLA,RETA,0,0,1,0,1,0,0,0,0,2,1,0,0,0,NÃO,NÃO,NÃO,SIM,NÃO,Vias Municipais,0,1,0,0,0,TARDE DE SÁBADO,-23.6361519787,-46.564410607
260007,2019-02-02,2,FEVEREIRO,2019,2019.02,SÁBADO,15:04,TARDE,SAO CAETANO DO SUL,Metropolitana de São Paulo,RUA LUIS CLAUDIO CAPOVILA FILHO,36,MUNICIPAL,PREFEITURA,PREFEITURA,"-23,633768071","-46,5766121423",NAO DISPONIVEL,NAO DISPONIVEL,NAO DISPONIVEL,NAO DISPONIVEL,NAO DISPONIVEL,NAO DISPONIVEL,NAO DISPONIVEL,NAO DISPONIVEL,NAO DISPONIVEL,NAO DISPONIVEL,0,0,0,0,0,0,1,0,0,0,0,0,0,1,NÃO,NÃO,NÃO,SIM,NÃO,Vias Municipais,0,0,0,0,0,TARDE DE SÁBADO,-23.633768071,-46.5766121423
13094,2019-01-30,30,JANEIRO,2019,2019.01,QUARTA,12:19,TARDE,SAO CAETANO DO SUL,Metropolitana de São Paulo,RUA RAFAEL CORREA SAMPAIO,1079,MUNICIPAL,PREFEITURA,PREFEITURA,"-23,6200520261","-46,5691224169",SIMPLES,BOM,LUZ SOLAR,ÚNICA,NAO DISPONIVEL,PLANO,SECA,ASFALTO,SIMPLES,CRUZAMENTO,0,0,1,0,1,0,0,0,0,1,1,0,0,0,NÃO,NÃO,NÃO,SIM,NÃO,Vias Municipais,0,0,1,0,0,TARDE DE QUARTA,-23.6200520261,-46.5691224169
37386,2019-01-30,30,JANEIRO,2019,2019.01,QUARTA,20:22,NOITE,SAO CAETANO DO SUL,Metropolitana de São Paulo,AVENIDA GAGO COUTINHO,950,MUNICIPAL,PREFEITURA,PREFEITURA,"-23,6481024468","-46,5553852488",SIMPLES,BOM,NOITE (VIA ILUMINADA),DUPLA,NAO DISPONIVEL,PLANO,SECA,ASFALTO,SIMPLES,CURVA,0,0,1,0,0,0,0,1,0,1,1,0,0,0,NÃO,NÃO,NÃO,SIM,NÃO,Vias Municipais,1,0,0,0,0,NOITE DE QUARTA,-23.6481024468,-46.5553852488
913019,2019-01-29,29,JANEIRO,2019,2019.01,TERÇA,05:47,MADRUGADA,SAO CAETANO DO SUL,Metropolitana de São Paulo,AVENIDA DO ESTADO,NAO DISPONIVEL,MUNICIPAL,PREFEITURA,PREFEITURA,"-23,6073","-46,5657",NAO DISPONIVEL,NAO DISPONIVEL,NAO DISPONIVEL,NAO DISPONIVEL,NAO DISPONIVEL,NAO DISPONIVEL,NAO DISPONIVEL,NAO DISPONIVEL,NAO DISPONIVEL,NAO DISPONIVEL,0,1,0,0,0,0,0,0,0,0,0,0,0,1,SIM,NÃO,NÃO,NÃO,NÃO,Vias Municipais,0,0,0,0,0,MADRUGADA DE TERÇA,-23.6073,-46.5657
24320,2019-01-26,26,JANEIRO,2019,2019.01,SÁBADO,12:47,TARDE,SAO CAETANO DO SUL,Metropolitana de São Paulo,RUA MACHADO DE ASSIS,473,MUNICIPAL,PREFEITURA,PREFEITURA,"-23,6199083333","-46,5770033333",SIMPLES,BOM,LUZ SOLAR,ÚNICA,NAO DISPONIVEL,PLANO,SECA,ASFALTO,SIMPLES,CRUZAMENTO,0,0,1,0,1,0,0,0,0,1,1,0,0,0,NÃO,NÃO,NÃO,SIM,NÃO,Vias Municipais,0,0,1,0,0,TARDE DE SÁBADO,-23.6199083333,-46.5770033333
1899,2019-01-24,24,JANEIRO,2019,2019.01,QUINTA,03:20,MADRUGADA,SAO CAETANO DO SUL,Metropolitana de São Paulo,AVENIDA DO ESTADO,NAO DISPONIVEL,MUNICIPAL,PREFEITURA,PREFEITURA,"-23,610049314","-46,5454903578",MÚLTIPLA,BOM,LUZ SOLAR,ÚNICA,NAO DISPONIVEL,PLANO,SECA,ASFALTO,MULTIPLA,CRUZAMENTO,0,0,1,0,0,0,0,0,0,4,0,0,0,0,NÃO,NÃO,NÃO,SIM,NÃO,Vias Municipais,0,0,0,1,0,MADRUGADA DE QUINTA,-23.610049314,-46.5454903578
14930,2019-01-23,23,JANEIRO,2019,2019.01,QUARTA,12:30,TARDE,SAO CAETANO DO SUL,Metropolitana de São Paulo,AVENIDA DO ESTADO,261,MUNICIPAL,PREFEITURA,PREFEITURA,"-23,6115474536","-46,5553867273",NAO DISPONIVEL,NAO DISPONIVEL,NAO DISPONIVEL,NAO DISPONIVEL,NAO DISPONIVEL,NAO DISPONIVEL,NAO DISPONIVEL,NAO DISPONIVEL,NAO DISPONIVEL,NAO DISPONIVEL,0,0,0,0,0,0,1,0,0,0,0,0,0,1,NÃO,NÃO,NÃO,SIM,NÃO,Vias Municipais,0,0,0,0,0,TARDE DE QUARTA,-23.6115474536,-46.5553867273
911695,2019-01-23,23,JANEIRO,2019,2019.01,QUARTA,08:07,MANHA,SAO CAETANO DO SUL,Metropolitana de São Paulo,RUA OSVALDO CRUZ,NAO DISPONIVEL,MUNICIPAL,PREFEITURA,PREFEITURA,"-23,6281","-46,5679",NAO DISPONIVEL,NAO DISPONIVEL,NAO DISPONIVEL,NAO DISPONIVEL,NAO DISPONIVEL,NAO DISPONIVEL,NAO DISPONIVEL,NAO DISPONIVEL,NAO DISPONIVEL,NAO DISPONIVEL,0,0,1,0,0,0,0,0,0,0,0,0,0,0,SIM,NÃO,NÃO,NÃO,NÃO,Vias Municipais,0,0,0,0,0,MANHA DE QUARTA,-23.6281,-46.5679
12553,2019-01-22,22,JANEIRO,2019,2019.01,TERÇA,11:34,MANHA,SAO CAETANO DO SUL,Metropolitana de São Paulo,RUA JOANA ANGELICA,85,MUNICIPAL,PREFEITURA,PREFEITURA,"-23,6285051163","-46,5525328696",SIMPLES,BOM,LUZ SOLAR,ÚNICA,NAO DISPONIVEL,INCLINADO,SECA,ASFALTO,SIMPLES,RETA,0,0,1,0,0,0,0,1,0,1,0,0,0,0,NÃO,NÃO,NÃO,SIM,NÃO,Vias Municipais,1,0,0,0,0,MANHA DE TERÇA,-23.6285051163,-46.5525328696
2094,2019-01-21,21,JANEIRO,2019,2019.01,SEGUNDA,02:14,MADRUGADA,SAO CAETANO DO SUL,Metropolitana de São Paulo,AVENIDA GOIAS,547,MUNICIPAL,PREFEITURA,PREFEITURA,"-23,6247020571","-46,5473531907",NAO DISPONIVEL,NAO DISPONIVEL,NAO DISPONIVEL,NAO DISPONIVEL,NAO DISPONIVEL,NAO DISPONIVEL,NAO DISPONIVEL,NAO DISPONIVEL,NAO DISPONIVEL,NAO DISPONIVEL,0,0,0,0,0,0,1,0,0,0,0,0,0,1,NÃO,NÃO,NÃO,SIM,NÃO,Vias Municipais,0,0,0,0,0,MADRUGADA DE SEGUNDA,-23.6247020571,-46.5473531907
21084,2019-01-21,21,JANEIRO,2019,2019.01,SEGUNDA,15:00,TARDE,SAO CAETANO DO SUL,Metropolitana de São Paulo,AVENIDA PROSPERIDADE,421,MUNICIPAL,PREFEITURA,PREFEITURA,"-23,6120572554","-46,5461091163",DUPLA,BOM,LUZ SOLAR,DUPLA,NAO DISPONIVEL,PLANO,SECA,ASFALTO,DUPLA,RETA,0,0,1,0,0,0,0,0,0,0,1,0,0,0,NÃO,NÃO,NÃO,SIM,NÃO,Vias Municipais,0,0,1,0,0,TARDE DE SEGUNDA,-23.6120572554,-46.5461091163
14523,2019-01-20,20,JANEIRO,2019,2019.01,DOMINGO,06:41,MANHA,SAO CAETANO DO SUL,Metropolitana de São Paulo,RUA DOS CRISTAIS,99,MUNICIPAL,PREFEITURA,PREFEITURA,"-23,6098183174","-46,5525956077",NAO DISPONIVEL,NAO DISPONIVEL,NAO DISPONIVEL,NAO DISPONIVEL,NAO DISPONIVEL,NAO DISPONIVEL,NAO DISPONIVEL,NAO DISPONIVEL,NAO DISPONIVEL,NAO DISPONIVEL,0,0,0,0,0,0,1,0,0,0,0,0,0,1,NÃO,NÃO,NÃO,SIM,NÃO,Vias Municipais,0,0,0,0,0,MANHA DE DOMINGO,-23.6098183174,-46.5525956077
29042,2019-01-18,18,JANEIRO,2019,2019.01,SEXTA,16:46,TARDE,SAO CAETANO DO SUL,Metropolitana de São Paulo,AVENIDA PRESIDENTE KENEDY,1519,MUNICIPAL,PREFEITURA,PREFEITURA,"-23,6325341967","-46,5570740002",SIMPLES,BOM,LUZ SOLAR,DUPLA,NAO DISPONIVEL,PLANO,SECA,ASFALTO,SIMPLES,RETA,0,0,1,0,0,0,0,1,0,5,4,0,0,0,NÃO,NÃO,NÃO,SIM,NÃO,Vias Municipais,1,0,0,0,0,TARDE DE SEXTA,-23.6325341967,-46.5570740002
970,2019-01-16,16,JANEIRO,2019,2019.01,QUARTA,02:06,MADRUGADA,SAO CAETANO DO SUL,Metropolitana de São Paulo,AVENIDA DO ESTADO,1470,MUNICIPAL,PREFEITURA,PREFEITURA,"-23,6103388412","-46,5452909808",NAO DISPONIVEL,NAO DISPONIVEL,NAO DISPONIVEL,NAO DISPONIVEL,NAO DISPONIVEL,NAO DISPONIVEL,NAO DISPONIVEL,NAO DISPONIVEL,NAO DISPONIVEL,NAO DISPONIVEL,0,0,0,0,0,0,1,0,0,0,0,0,0,1,NÃO,NÃO,NÃO,SIM,NÃO,Vias Municipais,0,0,0,0,0,MADRUGADA DE QUARTA,-23.6103388412,-46.5452909808
28646,2019-01-16,16,JANEIRO,2019,2019.01,QUARTA,16:45,TARDE,SAO CAETANO DO SUL,Metropolitana de São Paulo,RUA ESPIRITO SANTO,NAO DISPONIVEL,MUNICIPAL,PREFEITURA,PREFEITURA,"-23,6220575489","-46,5732524641",NAO DISPONIVEL,NAO DISPONIVEL,NAO DISPONIVEL,NAO DISPONIVEL,NAO DISPONIVEL,NAO DISPONIVEL,NAO DISPONIVEL,NAO DISPONIVEL,NAO DISPONIVEL,NAO DISPONIVEL,0,0,0,0,0,0,1,0,0,0,0,0,0,1,NÃO,NÃO,NÃO,SIM,NÃO,Vias Municipais,0,0,0,0,0,TARDE DE QUARTA,-23.6220575489,-46.5732524641
33166,2019-01-15,15,JANEIRO,2019,2019.01,TERÇA,19:05,NOITE,SAO CAETANO DO SUL,Metropolitana de São Paulo,RUA SANTO ANDRE,100,MUNICIPAL,PREFEITURA,PREFEITURA,"-23,6394560529","-46,5603492691",NAO DISPONIVEL,NAO DISPONIVEL,NAO DISPONIVEL,NAO DISPONIVEL,NAO DISPONIVEL,NAO DISPONIVEL,NAO DISPONIVEL,NAO DISPONIVEL,NAO DISPONIVEL,NAO DISPONIVEL,0,0,0,0,0,0,1,0,0,0,0,0,0,1,SIM,NÃO,NÃO,NÃO,NÃO,Vias Municipais,0,0,0,0,0,NOITE DE TERÇA,-23.6394560529,-46.5603492691
12845,2019-01-13,13,JANEIRO,2019,2019.01,DOMINGO,04:43,MADRUGADA,SAO CAETANO DO SUL,Metropolitana de São Paulo,RUA JUSTINO PAIXAO,555,MUNICIPAL,PREFEITURA,PREFEITURA,"-23,6428960287","-46,5777800435",NAO DISPONIVEL,NAO DISPONIVEL,NAO DISPONIVEL,NAO DISPONIVEL,NAO DISPONIVEL,NAO DISPONIVEL,NAO DISPONIVEL,NAO DISPONIVEL,NAO DISPONIVEL,NAO DISPONIVEL,0,0,0,0,0,0,1,0,0,0,0,0,0,1,SIM,NÃO,NÃO,NÃO,NÃO,Vias Municipais,0,0,0,0,0,MADRUGADA DE DOMINGO,-23.6428960287,-46.5777800435
2775,2019-01-12,12,JANEIRO,2019,2019.01,SÁBADO,00:55,MADRUGADA,SAO CAETANO DO SUL,Metropolitana de São Paulo,AVENIDA DOS ESTADOS,100,MUNICIPAL,PREFEITURA,PREFEITURA,"-23,6068873893","-46,5487626308",MÚLTIPLA,BOM,NOITE (VIA ILUMINADA),ÚNICA,NAO DISPONIVEL,PLANO,SECA,ASFALTO,MULTIPLA,RETA,0,0,1,0,0,0,0,0,0,2,1,0,0,0,NÃO,NÃO,NÃO,SIM,NÃO,Vias Municipais,0,0,1,0,0,MADRUGADA DE SÁBADO,-23.6068873893,-46.5487626308
9277,2019-01-12,12,JANEIRO,2019,2019.01,SÁBADO,04:47,MADRUGADA,SAO CAETANO DO SUL,Metropolitana de São Paulo,RUA ALAGOAS,581,MUNICIPAL,PREFEITURA,PREFEITURA,"-23,6118173844","-46,5781057116",DUPLA,BOM,NOITE (VIA ILUMINADA),ÚNICA,NAO DISPONIVEL,PLANO,SECA,ASFALTO,DUPLA,CRUZAMENTO,0,0,1,0,0,0,0,0,0,1,1,0,0,0,NÃO,NÃO,NÃO,SIM,NÃO,Vias Municipais,0,0,1,0,0,MADRUGADA DE SÁBADO,-23.6118173844,-46.5781057116
40580,2019-01-12,12,JANEIRO,2019,2019.01,SÁBADO,17:10,TARDE,SAO CAETANO DO SUL,Metropolitana de São Paulo,RUA VISCONDE DE INHAUMA,150,MUNICIPAL,PREFEITURA,PREFEITURA,"-23,6302486","-46,5665569",DUPLA,BOM,LUZ SOLAR,DUPLA,NAO DISPONIVEL,PLANO,SECA,ASFALTO,DUPLA,CRUZAMENTO,0,0,1,0,1,0,0,0,0,1,1,0,0,0,NÃO,NÃO,NÃO,SIM,NÃO,Vias Municipais,0,0,1,0,0,TARDE DE SÁBADO,-23.6302486,-46.5665569
28416,2019-01-09,9,JANEIRO,2019,2019.01,QUARTA,17:10,TARDE,SAO CAETANO DO SUL,Metropolitana de São Paulo,RUA CONSELHEIRO ANTONIO PRADO,498,MUNICIPAL,PREFEITURA,PREFEITURA,"-23,612778948","-46,5732734267",DUPLA,BOM,LUZ SOLAR,DUPLA,NAO DISPONIVEL,PLANO,SECA,ASFALTO,DUPLA,RETA,0,0,1,0,1,0,0,0,0,1,1,0,0,0,NÃO,NÃO,NÃO,SIM,NÃO,Vias Municipais,0,0,1,0,0,TARDE DE QUARTA,-23.612778948,-46.5732734267
29499,2019-01-08,8,JANEIRO,2019,2019.01,TERÇA,16:05,TARDE,SAO CAETANO DO SUL,Metropolitana de São Paulo,RUA MARIANO PAMPLONA,100,MUNICIPAL,PREFEITURA,PREFEITURA,"-23,6043277916","-46,5766531408",MÚLTIPLA,CHUVA,LUZ SOLAR,DUPLA,NAO DISPONIVEL,PLANO,MOLHADA,ASFALTO,MULTIPLA,RETA,0,0,1,0,1,0,0,0,0,1,0,0,0,0,NÃO,NÃO,NÃO,SIM,NÃO,Vias Municipais,0,0,1,0,0,TARDE DE TERÇA,-23.6043277916,-46.5766531408
48270,2019-01-06,6,JANEIRO,2019,2019.01,DOMINGO,20:56,NOITE,SAO CAETANO DO SUL,Metropolitana de São Paulo,ALAMEDA SAO CAETANO,1345,MUNICIPAL,PREFEITURA,PREFEITURA,"-23,6245206744","-46,5564456353",SIMPLES,BOM,LUZ SOLAR,ÚNICA,NAO DISPONIVEL,PLANO,MOLHADA,ASFALTO,SIMPLES,RETA,0,0,0,0,0,0,1,0,0,0,0,0,0,1,SIM,NÃO,NÃO,NÃO,NÃO,Vias Municipais,0,0,1,0,0,NOITE DE DOMINGO,-23.6245206744,-46.5564456353
907765,2019-01-05,5,JANEIRO,2019,2019.01,SÁBADO,19:27,NOITE,SAO CAETANO DO SUL,Metropolitana de São Paulo,RUA GENERAL ARTUR DA COSTA E SILVA,1,MUNICIPAL,PREFEITURA,PREFEITURA,NAO DISPONIVEL,NAO DISPONIVEL,NAO DISPONIVEL,NAO DISPONIVEL,NAO DISPONIVEL,NAO DISPONIVEL,NAO DISPONIVEL,NAO DISPONIVEL,NAO DISPONIVEL,NAO DISPONIVEL,NAO DISPONIVEL,NAO DISPONIVEL,0,0,0,0,1,0,0,0,0,0,0,0,0,0,SIM,NÃO,NÃO,NÃO,NÃO,Vias Municipais,0,0,0,0,0,NOITE DE SÁBADO,-23.62306,-46.55111
29964,2019-01-03,3,JANEIRO,2019,2019.01,QUINTA,18:16,NOITE,SAO CAETANO DO SUL,Metropolitana de São Paulo,RUA JOANA ANGELICA,150,MUNICIPAL,PREFEITURA,PREFEITURA,"-23,6281739064","-46,5520028968",NAO DISPONIVEL,NAO DISPONIVEL,NAO DISPONIVEL,NAO DISPONIVEL,NAO DISPONIVEL,NAO DISPONIVEL,NAO DISPONIVEL,NAO DISPONIVEL,NAO DISPONIVEL,NAO DISPONIVEL,0,0,1,0,0,0,0,0,0,0,0,0,0,0,NÃO,NÃO,NÃO,SIM,NÃO,Vias Municipais,0,0,0,0,0,NOITE DE QUINTA,-23.6281739064,-46.5520028968
43262,2019-01-03,3,JANEIRO,2019,2019.01,QUINTA,22:18,NOITE,SAO CAETANO DO SUL,Metropolitana de São Paulo,RUA ALEGRE,1253,MUNICIPAL,PREFEITURA,PREFEITURA,"-23,6261632715","-46,5490023066",DUPLA,CHUVA,LUZ SOLAR,ÚNICA,NAO DISPONIVEL,LOMBADA,MOLHADA,ASFALTO,DUPLA,RETA,0,0,0,0,1,0,0,0,0,1,0,0,0,0,NÃO,NÃO,NÃO,SIM,NÃO,Vias Municipais,0,0,0,1,0,NOITE DE QUINTA,-23.6261632715,-46.5490023066
38182,2019-01-02,2,JANEIRO,2019,2019.01,QUARTA,20:25,NOITE,SAO CAETANO DO SUL,Metropolitana de São Paulo,RUA ARLINDO MARCHETI,60,MUNICIPAL,PREFEITURA,PREFEITURA,"-23,6386037489","-46,5526287719",NAO DISPONIVEL,NAO DISPONIVEL,NAO DISPONIVEL,NAO DISPONIVEL,NAO DISPONIVEL,NAO DISPONIVEL,NAO DISPONIVEL,NAO DISPONIVEL,NAO DISPONIVEL,NAO DISPONIVEL,0,0,0,0,0,0,1,0,0,0,0,0,0,1,NÃO,NÃO,NÃO,SIM,NÃO,Vias Municipais,0,0,0,0,0,NOITE DE QUARTA,-23.6386037489,-46.5526287719
5719,2019-01-01,1,JANEIRO,2019,2019.01,TERÇA,02:29,MADRUGADA,SAO CAETANO DO SUL,Metropolitana de São Paulo,AVENIDA GUIDO ALIBERTI,100,MUNICIPAL,PREFEITURA,PREFEITURA,"-23,6304491966","-46,5815217048",NAO DISPONIVEL,NAO DISPONIVEL,NAO DISPONIVEL,NAO DISPONIVEL,NAO DISPONIVEL,NAO DISPONIVEL,NAO DISPONIVEL,NAO DISPONIVEL,NAO DISPONIVEL,NAO DISPONIVEL,0,0,0,0,0,0,1,0,0,0,0,0,0,1,NÃO,NÃO,NÃO,SIM,NÃO,Vias Municipais,0,0,0,0,0,MADRUGADA DE TERÇA,-23.6304491966,-46.5815217048
49462,2019-01-01,1,JANEIRO,2019,2019.01,TERÇA,20:28,NOITE,SAO CAETANO DO SUL,Metropolitana de São Paulo,AVENIDA DO ESTADO,3000,MUNICIPAL,PREFEITURA,PREFEITURA,"-23,6078318","-46,5518571",SIMPLES,BOM,NOITE (VIA ILUMINADA),ÚNICA,NAO DISPONIVEL,PLANO,MOLHADA,ASFALTO,SIMPLES,RETA,0,0,1,0,0,0,0,0,0,2,1,0,0,0,NÃO,NÃO,NÃO,SIM,NÃO,Vias Municipais,0,0,1,0,0,NOITE DE TERÇA,-23.6078318,-46.5518571